paramID,flag,periodLen,steps
1,periodic,168.0000,25872
2,periodic,168.0000,15792
3,periodic,168.0000,12096
4,periodic,168.0000,6720
5,periodic,168.0000,5712
6,periodic,168.0000,5040
7,periodic,168.0000,5376
8,periodic,168.0000,5040
9,periodic,168.0000,9408
10,periodic,168.0000,17136
11,periodic,168.0000,6720
12,periodic,168.0000,5040
13,periodic,168.0000,5040
14,periodic,168.0000,11424
15,periodic,168.0000,45360
16,periodic,168.0000,47712
17,periodic,168.0000,12096
18,periodic,168.0000,10080
19,periodic,168.0000,6720
20,periodic,168.0000,35952
21,periodic,168.0000,18480
22,periodic,168.0000,12768
23,periodic,168.0000,5040
24,periodic,168.0000,5376
25,periodic,168.0000,16128
26,periodic,168.0000,8400
27,periodic,168.0000,36288
28,periodic,168.0000,6048
29,periodic,168.0000,22176
30,periodic,168.0000,6720
31,periodic,168.0000,6048
32,periodic,168.0000,46368
33,periodic,168.0000,5376
34,periodic,168.0000,6720
35,periodic,168.0000,9072
36,periodic,168.0000,19488
37,periodic,168.0000,129360
38,periodic,168.0000,5376
39,periodic,168.0000,27216
40,periodic,168.0000,6048
41,periodic,168.0000,42672
42,periodic,168.0000,5040
43,periodic,168.0000,5040
44,periodic,168.0000,19488
45,periodic,168.0000,11760
46,periodic,168.0000,15120
47,periodic,168.0000,17136
48,periodic,168.0000,9744
49,periodic,168.0000,5040
50,periodic,168.0000,26208
51,periodic,168.0000,37296
52,periodic,168.0000,7728
53,periodic,168.0000,9408
54,periodic,168.0000,5040
55,periodic,168.0000,7728
56,periodic,168.0000,5040
57,periodic,168.0000,73248
58,periodic,168.0000,62832
59,periodic,168.0000,33936
60,periodic,168.0000,10080
61,periodic,168.0000,17472
62,periodic,168.0000,27216
63,periodic,168.0000,5712
64,periodic,168.0000,5376
65,periodic,168.0000,6720
66,periodic,168.0000,11760
67,periodic,168.0000,9408
68,periodic,168.0000,5040
69,periodic,168.0000,5040
70,periodic,168.0000,11760
71,periodic,168.0000,5040
72,periodic,168.0000,59472
73,periodic,168.0000,24864
74,periodic,168.0000,33936
75,periodic,168.0000,12768
76,periodic,168.0000,36288
77,periodic,168.0000,5040
78,periodic,168.0000,15120
79,periodic,168.0000,9744
80,periodic,168.0000,7056
81,periodic,168.0000,6048
82,periodic,168.0000,5376
83,periodic,168.0000,60816
84,periodic,168.0000,35616
85,periodic,168.0000,90384
86,periodic,168.0000,155904
87,periodic,168.0000,34944
88,periodic,168.0000,12432
89,periodic,168.0000,29904
90,periodic,168.0000,13776
91,periodic,168.0000,5040
92,periodic,168.0000,11424
93,periodic,168.0000,34272
94,periodic,168.0000,12432
95,periodic,168.0000,7056
96,periodic,168.0000,12096
97,periodic,168.0000,5712
98,periodic,168.0000,5040
99,periodic,168.0000,17808
100,periodic,168.0000,14448
101,periodic,168.0000,5712
102,periodic,168.0000,16128
103,periodic,168.0000,5040
104,periodic,168.0000,8064
105,periodic,168.0000,8064
106,periodic,168.0000,5040
107,periodic,168.0000,5040
108,periodic,168.0000,5376
109,periodic,168.0000,17808
110,periodic,168.0000,13104
111,periodic,168.0000,6384
112,periodic,168.0000,17472
113,periodic,168.0000,63504
114,periodic,168.0000,14448
115,periodic,168.0000,27888
116,periodic,168.0000,16800
117,periodic,168.0000,19152
118,periodic,168.0000,5040
119,periodic,168.0000,5376
120,periodic,168.0000,22848
121,periodic,168.0000,27552
122,periodic,168.0000,12768
123,periodic,168.0000,5040
124,periodic,168.0000,5040
125,periodic,168.0000,6384
126,periodic,168.0000,6048
127,periodic,168.0000,19824
128,periodic,168.0000,5040
129,periodic,168.0000,5376
130,periodic,168.0000,5376
131,periodic,168.0000,5040
132,periodic,168.0000,5040
133,periodic,168.0000,8400
134,periodic,168.0000,5040
135,periodic,168.0000,8064
136,periodic,168.0000,8400
137,periodic,168.0000,11088
138,periodic,168.0000,16800
139,periodic,168.0000,21840
140,periodic,168.0000,6048
141,periodic,168.0000,5712
142,periodic,168.0000,8064
143,periodic,168.0000,14112
144,periodic,168.0000,6384
145,periodic,168.0000,5712
146,periodic,168.0000,9744
147,periodic,168.0000,34944
148,periodic,168.0000,62496
149,periodic,168.0000,5040
150,periodic,168.0000,5712
151,periodic,168.0000,18144
152,periodic,168.0000,6384
153,periodic,168.0000,11424
154,periodic,168.0000,5040
155,periodic,168.0000,5040
156,periodic,168.0000,6720
157,periodic,168.0000,5040
158,periodic,168.0000,6048
159,periodic,168.0000,5040
160,periodic,168.0000,5040
161,periodic,168.0000,9408
162,periodic,168.0000,5040
163,periodic,168.0000,40320
164,periodic,168.0000,32256
165,periodic,168.0000,5376
166,periodic,168.0000,7056
167,periodic,168.0000,5712
168,periodic,168.0000,5376
169,periodic,168.0000,7392
170,periodic,168.0000,5712
171,periodic,168.0000,8400
172,periodic,168.0000,5040
173,periodic,168.0000,33264
174,periodic,168.0000,8064
175,periodic,168.0000,9072
176,periodic,168.0000,7392
177,periodic,168.0000,5040
178,periodic,168.0000,5040
179,periodic,168.0000,30912
180,periodic,168.0000,15792
181,periodic,168.0000,9072
182,periodic,168.0000,5040
183,periodic,168.0000,5040
184,periodic,168.0000,52416
185,periodic,168.0000,12432
186,periodic,168.0000,5040
187,periodic,168.0000,5040
188,periodic,168.0000,5040
189,periodic,168.0000,6720
190,periodic,168.0000,5040
191,periodic,168.0000,9072
192,periodic,168.0000,5712
193,periodic,168.0000,5040
194,periodic,168.0000,9408
195,periodic,168.0000,5040
196,periodic,168.0000,62496
197,periodic,168.0000,11088
198,periodic,168.0000,15792
199,periodic,168.0000,5040
200,periodic,168.0000,5376
201,periodic,168.0000,50400
202,periodic,168.0000,17808
203,periodic,168.0000,56112
204,periodic,168.0000,13440
205,periodic,168.0000,13776
206,periodic,168.0000,5376
207,periodic,168.0000,14448
208,periodic,168.0000,14784
209,periodic,168.0000,5040
210,periodic,168.0000,5040
211,periodic,168.0000,5040
212,periodic,168.0000,5040
213,periodic,168.0000,14448
214,periodic,168.0000,33936
215,periodic,168.0000,15120
216,periodic,168.0000,26544
217,periodic,168.0000,10080
218,periodic,168.0000,16128
219,periodic,168.0000,49392
220,periodic,168.0000,14448
221,periodic,168.0000,11760
222,periodic,168.0000,5040
223,periodic,168.0000,6048
224,periodic,168.0000,10752
225,periodic,168.0000,11760
226,periodic,168.0000,37296
227,periodic,168.0000,11424
228,periodic,168.0000,5712
229,periodic,168.0000,55104
230,periodic,168.0000,45360
231,periodic,168.0000,7056
232,periodic,168.0000,113232
233,periodic,168.0000,6048
234,periodic,168.0000,7392
235,periodic,168.0000,5040
236,periodic,168.0000,25872
237,periodic,168.0000,14448
238,periodic,168.0000,6048
239,periodic,168.0000,15456
240,periodic,168.0000,7392
241,periodic,168.0000,118272
242,periodic,168.0000,6384
243,periodic,168.0000,6720
244,periodic,168.0000,5040
245,periodic,168.0000,21168
246,periodic,168.0000,10080
247,periodic,168.0000,10080
248,periodic,168.0000,7056
249,periodic,168.0000,29568
250,periodic,168.0000,5040
251,periodic,168.0000,12432
252,periodic,168.0000,5040
253,periodic,168.0000,6384
254,periodic,168.0000,45360
255,periodic,168.0000,8736
256,periodic,168.0000,5712
257,periodic,168.0000,5040
258,periodic,168.0000,21504
259,periodic,168.0000,18480
260,periodic,168.0000,23520
261,periodic,168.0000,5040
262,periodic,168.0000,5040
263,periodic,168.0000,6384
264,periodic,168.0000,16128
265,periodic,168.0000,36288
266,periodic,168.0000,13440
267,periodic,168.0000,14784
268,periodic,168.0000,28896
269,periodic,168.0000,28560
270,periodic,168.0000,26544
271,periodic,168.0000,5040
272,periodic,168.0000,7056
273,periodic,168.0000,5376
274,periodic,168.0000,24864
275,periodic,168.0000,5712
276,periodic,168.0000,8400
277,periodic,168.0000,5376
278,periodic,168.0000,14112
279,periodic,168.0000,11760
280,periodic,168.0000,27552
281,periodic,168.0000,5040
282,periodic,168.0000,5712
283,periodic,168.0000,5040
284,periodic,168.0000,9408
285,periodic,168.0000,6048
286,periodic,168.0000,17808
287,periodic,168.0000,10752
288,periodic,168.0000,9408
289,periodic,168.0000,21840
290,periodic,168.0000,24864
291,periodic,168.0000,5712
292,periodic,168.0000,5376
293,periodic,168.0000,12432
294,periodic,168.0000,8064
295,periodic,168.0000,20832
296,periodic,168.0000,5712
297,periodic,168.0000,16128
298,periodic,168.0000,34944
299,periodic,168.0000,7056
300,periodic,168.0000,9408
301,periodic,168.0000,60816
302,periodic,168.0000,5712
303,periodic,168.0000,8736
304,periodic,168.0000,5712
305,periodic,168.0000,5040
306,periodic,168.0000,5040
307,periodic,168.0000,14112
308,periodic,168.0000,5040
309,periodic,168.0000,25536
310,periodic,168.0000,6720
311,periodic,168.0000,8736
312,periodic,168.0000,5040
313,periodic,168.0000,20832
314,periodic,168.0000,66864
315,periodic,168.0000,5040
316,periodic,168.0000,5040
317,periodic,168.0000,7728
318,periodic,168.0000,32256
319,periodic,168.0000,7056
320,periodic,168.0000,27888
321,periodic,168.0000,5040
322,periodic,168.0000,12768
323,periodic,168.0000,17472
324,periodic,168.0000,32592
325,periodic,168.0000,10416
326,periodic,168.0000,11760
327,periodic,168.0000,5040
328,periodic,168.0000,14784
329,periodic,168.0000,5040
330,periodic,168.0000,15456
331,periodic,168.0000,14784
332,periodic,168.0000,44016
333,periodic,168.0000,5376
334,periodic,168.0000,5040
335,periodic,168.0000,8400
336,periodic,168.0000,18144
337,periodic,168.0000,5040
338,periodic,168.0000,5040
339,periodic,168.0000,6384
340,periodic,168.0000,9408
341,periodic,168.0000,18480
342,periodic,168.0000,5040
343,periodic,168.0000,5376
344,periodic,168.0000,5376
345,periodic,168.0000,5040
346,periodic,168.0000,21504
347,periodic,168.0000,5040
348,periodic,168.0000,7392
349,periodic,168.0000,5712
350,periodic,168.0000,5376
351,periodic,168.0000,21168
352,periodic,168.0000,7392
353,periodic,168.0000,5376
354,periodic,168.0000,7056
355,periodic,168.0000,20832
356,periodic,168.0000,10080
357,periodic,168.0000,5040
358,periodic,168.0000,10752
359,periodic,168.0000,11760
360,periodic,168.0000,5040
361,periodic,168.0000,30240
362,periodic,168.0000,5712
363,periodic,168.0000,5040
364,periodic,168.0000,28224
365,periodic,168.0000,8400
366,periodic,168.0000,18816
367,periodic,168.0000,11760
368,periodic,168.0000,6720
369,periodic,168.0000,24192
370,periodic,168.0000,30576
371,periodic,168.0000,23184
372,periodic,168.0000,14112
373,periodic,168.0000,5376
374,periodic,168.0000,5040
375,periodic,168.0000,5040
376,periodic,168.0000,6384
377,periodic,168.0000,9744
378,periodic,168.0000,29568
379,periodic,168.0000,5040
380,periodic,168.0000,5040
381,periodic,168.0000,15792
382,periodic,168.0000,5040
383,periodic,168.0000,6048
384,periodic,168.0000,10080
385,periodic,168.0000,18144
386,periodic,168.0000,5712
387,periodic,168.0000,5040
388,periodic,168.0000,5376
389,periodic,168.0000,9408
390,periodic,168.0000,6048
391,periodic,168.0000,5712
392,periodic,168.0000,10080
393,periodic,168.0000,5040
394,periodic,168.0000,23520
395,periodic,168.0000,8064
396,periodic,168.0000,5712
397,periodic,168.0000,35280
398,periodic,168.0000,10080
399,periodic,168.0000,20160
400,periodic,168.0000,5712
401,periodic,168.0000,5040
402,periodic,168.0000,5040
403,periodic,168.0000,5040
404,periodic,168.0000,6384
405,periodic,168.0000,7728
406,periodic,168.0000,7056
407,periodic,168.0000,5040
408,periodic,168.0000,13440
409,periodic,168.0000,16800
410,periodic,168.0000,5040
411,periodic,168.0000,74928
412,periodic,168.0000,9408
413,periodic,168.0000,73920
414,periodic,168.0000,5712
415,periodic,168.0000,62832
416,periodic,168.0000,5040
417,periodic,168.0000,13104
418,periodic,168.0000,8400
419,periodic,168.0000,9744
420,periodic,168.0000,9072
421,periodic,168.0000,33600
422,periodic,168.0000,5040
423,periodic,168.0000,9408
424,periodic,168.0000,5040
425,periodic,168.0000,22848
426,periodic,168.0000,12432
427,periodic,168.0000,13104
428,periodic,168.0000,8736
429,periodic,168.0000,5040
430,periodic,168.0000,5376
431,periodic,168.0000,5376
432,periodic,168.0000,5040
433,periodic,168.0000,5040
434,periodic,168.0000,28560
435,periodic,168.0000,5040
436,periodic,168.0000,12432
437,periodic,168.0000,6048
438,periodic,168.0000,12432
439,periodic,168.0000,5040
440,periodic,168.0000,25536
441,periodic,168.0000,5040
442,periodic,168.0000,17808
443,periodic,168.0000,36624
444,periodic,168.0000,105168
445,periodic,168.0000,27888
446,periodic,168.0000,5040
447,periodic,168.0000,58464
448,periodic,168.0000,6384
449,periodic,168.0000,13104
450,periodic,168.0000,29232
451,periodic,168.0000,47376
452,periodic,168.0000,5712
453,periodic,168.0000,29232
454,periodic,168.0000,17808
455,periodic,168.0000,15792
456,periodic,168.0000,5040
457,periodic,168.0000,5712
458,periodic,168.0000,39312
459,periodic,168.0000,55440
460,periodic,168.0000,5712
461,periodic,168.0000,26544
462,periodic,168.0000,5040
463,periodic,168.0000,5040
464,periodic,168.0000,6384
465,periodic,168.0000,5040
466,periodic,168.0000,23520
467,periodic,168.0000,5712
468,periodic,168.0000,5712
469,periodic,168.0000,83664
470,periodic,168.0000,5040
471,periodic,168.0000,18816
472,periodic,168.0000,8064
473,periodic,168.0000,13104
474,periodic,168.0000,17472
475,periodic,168.0000,5040
476,periodic,168.0000,40992
477,periodic,168.0000,5040
478,periodic,168.0000,7056
479,periodic,168.0000,7728
480,periodic,168.0000,7392
481,periodic,168.0000,16464
482,periodic,168.0000,6720
483,periodic,168.0000,10752
484,periodic,168.0000,57120
485,periodic,168.0000,6384
486,periodic,168.0000,32256
487,periodic,168.0000,8736
488,periodic,168.0000,5040
489,periodic,168.0000,17472
490,periodic,168.0000,7056
491,periodic,168.0000,35616
492,periodic,168.0000,18144
493,periodic,168.0000,5040
494,periodic,168.0000,5040
495,periodic,168.0000,12096
496,periodic,168.0000,7392
497,periodic,168.0000,9408
498,periodic,168.0000,5712
499,periodic,168.0000,11088
500,periodic,168.0000,12432
501,periodic,168.0000,15792
502,periodic,168.0000,28896
503,periodic,168.0000,5040
504,periodic,168.0000,5712
505,periodic,168.0000,5040
506,periodic,168.0000,12432
507,periodic,168.0000,10080
508,periodic,168.0000,5040
509,periodic,168.0000,5040
510,periodic,168.0000,32928
511,periodic,168.0000,5376
512,periodic,168.0000,5040
513,periodic,168.0000,10416
514,periodic,168.0000,10416
515,periodic,168.0000,17472
516,periodic,168.0000,30912
517,periodic,168.0000,5040
518,periodic,168.0000,47040
519,periodic,168.0000,5040
520,periodic,168.0000,5040
521,periodic,168.0000,5040
522,periodic,168.0000,5712
523,periodic,168.0000,5040
524,periodic,168.0000,75936
525,periodic,168.0000,6720
526,periodic,168.0000,9408
527,periodic,168.0000,46368
528,periodic,168.0000,5040
529,periodic,168.0000,6048
530,periodic,168.0000,12768
531,periodic,168.0000,18144
532,periodic,168.0000,5376
533,periodic,168.0000,5376
534,periodic,168.0000,18816
535,periodic,168.0000,25536
536,periodic,168.0000,9744
537,periodic,168.0000,23184
538,periodic,168.0000,42336
539,periodic,168.0000,5040
540,periodic,168.0000,5376
541,periodic,168.0000,5040
542,periodic,168.0000,10752
543,periodic,168.0000,9072
544,periodic,168.0000,5040
545,periodic,168.0000,25536
546,periodic,168.0000,5040
547,periodic,168.0000,8736
548,periodic,168.0000,7056
549,periodic,168.0000,6048
550,periodic,168.0000,5040
551,periodic,168.0000,5376
552,periodic,168.0000,12432
553,periodic,168.0000,5376
554,periodic,168.0000,5040
555,periodic,168.0000,13776
556,periodic,168.0000,9744
557,periodic,168.0000,5040
558,periodic,168.0000,58128
559,periodic,168.0000,6384
560,periodic,168.0000,21504
561,periodic,168.0000,5040
562,periodic,168.0000,9072
563,periodic,168.0000,10080
564,periodic,168.0000,22512
565,periodic,168.0000,18144
566,periodic,168.0000,37632
567,periodic,168.0000,8064
568,periodic,168.0000,5040
569,periodic,168.0000,8400
570,periodic,168.0000,9072
571,periodic,168.0000,59136
572,periodic,168.0000,8400
573,periodic,168.0000,35952
574,periodic,168.0000,22176
575,periodic,168.0000,5040
576,periodic,168.0000,38976
577,periodic,168.0000,30240
578,periodic,168.0000,5040
579,periodic,168.0000,25536
580,periodic,168.0000,5040
581,periodic,168.0000,5040
582,periodic,168.0000,5040
583,periodic,168.0000,5712
584,periodic,168.0000,5040
585,periodic,168.0000,5040
586,periodic,168.0000,12432
587,periodic,168.0000,9072
588,periodic,168.0000,11088
589,periodic,168.0000,6720
590,periodic,168.0000,8400
591,periodic,168.0000,5712
592,periodic,168.0000,5040
593,periodic,168.0000,9072
594,periodic,168.0000,8736
595,periodic,168.0000,7392
596,periodic,168.0000,8736
597,periodic,168.0000,5040
598,periodic,168.0000,9744
599,periodic,168.0000,5040
600,periodic,168.0000,10416
601,periodic,168.0000,5712
602,periodic,168.0000,14448
603,periodic,168.0000,26880
604,periodic,168.0000,5712
605,periodic,168.0000,5040
606,periodic,168.0000,5712
607,periodic,168.0000,5712
608,periodic,168.0000,5040
609,periodic,168.0000,18816
610,periodic,168.0000,26880
611,periodic,168.0000,5040
612,periodic,168.0000,10752
613,periodic,168.0000,5040
614,periodic,168.0000,9072
615,periodic,168.0000,83328
616,periodic,168.0000,14448
617,periodic,168.0000,5040
618,periodic,168.0000,5040
619,periodic,168.0000,5040
620,periodic,168.0000,5040
621,periodic,168.0000,5040
622,periodic,168.0000,5040
623,periodic,168.0000,26544
624,periodic,168.0000,9744
625,periodic,168.0000,5376
626,periodic,168.0000,44352
627,periodic,168.0000,10080
628,periodic,168.0000,5712
629,periodic,168.0000,5040
630,periodic,168.0000,5040
631,periodic,168.0000,6048
632,periodic,168.0000,9072
633,periodic,168.0000,23856
634,periodic,168.0000,11424
635,periodic,168.0000,5040
636,periodic,168.0000,5040
637,periodic,168.0000,5040
638,periodic,168.0000,49392
639,periodic,168.0000,16128
640,periodic,168.0000,5040
641,periodic,168.0000,6720
642,periodic,168.0000,5712
643,periodic,168.0000,5040
644,periodic,168.0000,5376
645,periodic,168.0000,6384
646,periodic,168.0000,5040
647,periodic,168.0000,56448
648,periodic,168.0000,12096
649,periodic,168.0000,30576
650,periodic,168.0000,10416
651,periodic,168.0000,5040
652,periodic,168.0000,29568
653,periodic,168.0000,26880
654,periodic,168.0000,25872
655,periodic,168.0000,12096
656,periodic,168.0000,5040
657,periodic,168.0000,5040
658,periodic,168.0000,5376
659,periodic,168.0000,5040
660,periodic,168.0000,25872
661,periodic,168.0000,6048
662,periodic,168.0000,118272
663,periodic,168.0000,50400
664,periodic,168.0000,16128
665,periodic,168.0000,9072
666,periodic,168.0000,24528
667,periodic,168.0000,5040
668,periodic,168.0000,12768
669,periodic,168.0000,14112
670,periodic,168.0000,5040
671,periodic,168.0000,53424
672,periodic,168.0000,8400
673,periodic,168.0000,19824
674,periodic,168.0000,5040
675,periodic,168.0000,5040
676,periodic,168.0000,7056
677,periodic,168.0000,5040
678,periodic,168.0000,13440
679,periodic,168.0000,35616
680,periodic,168.0000,21504
681,periodic,168.0000,21504
682,periodic,168.0000,9744
683,periodic,168.0000,11424
684,periodic,168.0000,58464
685,periodic,168.0000,6384
686,periodic,168.0000,5712
687,periodic,168.0000,37968
688,periodic,168.0000,12432
689,periodic,168.0000,7392
690,periodic,168.0000,31920
691,periodic,168.0000,24192
692,periodic,168.0000,5040
693,periodic,168.0000,25536
694,periodic,168.0000,24528
695,periodic,168.0000,6048
696,periodic,168.0000,5712
697,periodic,168.0000,10080
698,periodic,168.0000,6048
699,periodic,168.0000,14448
700,periodic,168.0000,5040
701,periodic,168.0000,5040
702,periodic,168.0000,6720
703,periodic,168.0000,9744
704,periodic,168.0000,68208
705,periodic,168.0000,19488
706,periodic,168.0000,6048
707,periodic,168.0000,11088
708,periodic,168.0000,6384
709,periodic,168.0000,27216
710,periodic,168.0000,5712
711,periodic,168.0000,18816
712,periodic,168.0000,11088
713,periodic,168.0000,35952
714,periodic,168.0000,17136
715,periodic,168.0000,5040
716,periodic,168.0000,25872
717,periodic,168.0000,5040
718,periodic,168.0000,5376
719,periodic,168.0000,5040
720,periodic,168.0000,5040
721,periodic,168.0000,13440
722,periodic,168.0000,22848
723,periodic,168.0000,5712
724,periodic,168.0000,5040
725,periodic,168.0000,15456
726,periodic,168.0000,50736
727,periodic,168.0000,5040
728,periodic,168.0000,5040
729,periodic,168.0000,12432
730,periodic,168.0000,14112
731,periodic,168.0000,25536
732,periodic,168.0000,49056
733,periodic,168.0000,10752
734,periodic,168.0000,5040
735,periodic,168.0000,5040
736,periodic,168.0000,11088
737,periodic,168.0000,12432
738,periodic,168.0000,5040
739,periodic,168.0000,22848
740,periodic,168.0000,67536
741,periodic,168.0000,10080
742,periodic,168.0000,5040
743,periodic,168.0000,14784
744,periodic,168.0000,15792
745,periodic,168.0000,8736
746,periodic,168.0000,13776
747,periodic,168.0000,5712
748,periodic,168.0000,22512
749,periodic,168.0000,22848
750,periodic,168.0000,24528
751,periodic,168.0000,5712
752,periodic,168.0000,18480
753,periodic,168.0000,7728
754,periodic,168.0000,18816
755,periodic,168.0000,38640
756,periodic,168.0000,28224
757,periodic,168.0000,13104
758,periodic,168.0000,8400
759,periodic,168.0000,93744
760,periodic,168.0000,5040
761,periodic,168.0000,5040
762,periodic,168.0000,16464
763,periodic,168.0000,9744
764,periodic,168.0000,5040
765,periodic,168.0000,9072
766,periodic,168.0000,5040
767,periodic,168.0000,16464
768,periodic,168.0000,22848
769,periodic,168.0000,5040
770,periodic,168.0000,14112
771,periodic,168.0000,7056
772,periodic,168.0000,10416
773,periodic,168.0000,5376
774,periodic,168.0000,6048
775,periodic,168.0000,22848
776,periodic,168.0000,14448
777,periodic,168.0000,18480
778,periodic,168.0000,5040
779,periodic,168.0000,60816
780,periodic,168.0000,6720
781,periodic,168.0000,5040
782,periodic,168.0000,16800
783,periodic,168.0000,5040
784,periodic,168.0000,5040
785,periodic,168.0000,13104
786,periodic,168.0000,5040
787,periodic,168.0000,5040
788,periodic,168.0000,5712
789,periodic,168.0000,19488
790,periodic,168.0000,5040
791,periodic,168.0000,5040
792,periodic,168.0000,20160
793,periodic,168.0000,5712
794,periodic,168.0000,7728
795,periodic,168.0000,15456
796,periodic,168.0000,12096
797,periodic,168.0000,5040
798,periodic,168.0000,12096
799,periodic,168.0000,10416
800,periodic,168.0000,61824
801,periodic,168.0000,24864
802,periodic,168.0000,6048
803,periodic,168.0000,19488
804,periodic,168.0000,12432
805,periodic,168.0000,91056
806,periodic,168.0000,31248
807,periodic,168.0000,46704
808,periodic,168.0000,27552
809,periodic,168.0000,5040
810,periodic,168.0000,58464
811,periodic,168.0000,8064
812,periodic,168.0000,6384
813,periodic,168.0000,24192
814,periodic,168.0000,14448
815,periodic,168.0000,5712
816,periodic,168.0000,67872
817,periodic,168.0000,5040
818,periodic,168.0000,9072
819,periodic,168.0000,5040
820,periodic,168.0000,5040
821,periodic,168.0000,41664
822,periodic,168.0000,5040
823,periodic,168.0000,5040
824,periodic,168.0000,9408
825,periodic,168.0000,5040
826,periodic,168.0000,12432
827,periodic,168.0000,12432
828,periodic,168.0000,5712
829,periodic,168.0000,115920
830,periodic,168.0000,5040
831,periodic,168.0000,20496
832,periodic,168.0000,5040
833,periodic,168.0000,5376
834,periodic,168.0000,10752
835,periodic,168.0000,42336
836,periodic,168.0000,7056
837,periodic,168.0000,5040
838,periodic,168.0000,18480
839,periodic,168.0000,7728
840,periodic,168.0000,10416
841,periodic,168.0000,5040
842,periodic,168.0000,6048
843,periodic,168.0000,8064
844,periodic,168.0000,16464
845,periodic,168.0000,51744
846,periodic,168.0000,5712
847,periodic,168.0000,32592
848,periodic,168.0000,6048
849,periodic,168.0000,5040
850,periodic,168.0000,8400
851,periodic,168.0000,5040
852,periodic,168.0000,5040
853,periodic,168.0000,8736
854,periodic,168.0000,53760
855,periodic,168.0000,9744
856,periodic,168.0000,15120
857,periodic,168.0000,7728
858,periodic,168.0000,9072
859,periodic,168.0000,15120
860,periodic,168.0000,27888
861,periodic,168.0000,28224
862,periodic,168.0000,13776
863,periodic,168.0000,5376
864,periodic,168.0000,10752
865,periodic,168.0000,5712
866,periodic,168.0000,5040
867,periodic,168.0000,5040
868,periodic,168.0000,5040
869,periodic,168.0000,20160
870,periodic,168.0000,14448
871,periodic,168.0000,5040
872,periodic,168.0000,57456
873,periodic,168.0000,25536
874,periodic,168.0000,25872
875,periodic,168.0000,32256
876,periodic,168.0000,5712
877,periodic,168.0000,17136
878,periodic,168.0000,16128
879,periodic,168.0000,20832
880,periodic,168.0000,5040
881,periodic,168.0000,11088
882,periodic,168.0000,5040
883,periodic,168.0000,5040
884,periodic,168.0000,44016
885,periodic,168.0000,37968
886,periodic,168.0000,5040
887,periodic,168.0000,5376
888,periodic,168.0000,6720
889,periodic,168.0000,5376
890,periodic,168.0000,7056
891,periodic,168.0000,5040
892,periodic,168.0000,7728
893,periodic,168.0000,5040
894,periodic,168.0000,5040
895,periodic,168.0000,5040
896,periodic,168.0000,51744
897,periodic,168.0000,7056
898,periodic,168.0000,5376
899,periodic,168.0000,8736
900,periodic,168.0000,5712
901,periodic,168.0000,17472
902,periodic,168.0000,5040
903,periodic,168.0000,5040
904,periodic,168.0000,19152
905,periodic,168.0000,11424
906,periodic,168.0000,5040
907,periodic,168.0000,28896
908,periodic,168.0000,16128
909,periodic,168.0000,24528
910,periodic,168.0000,52416
911,periodic,168.0000,5040
912,periodic,168.0000,5040
913,periodic,168.0000,9408
914,periodic,168.0000,52080
915,periodic,168.0000,5040
916,periodic,168.0000,18480
917,periodic,168.0000,5040
918,periodic,168.0000,13440
919,periodic,168.0000,5040
920,periodic,168.0000,5376
921,periodic,168.0000,5040
922,periodic,168.0000,5040
923,periodic,168.0000,5376
924,periodic,168.0000,9072
925,periodic,168.0000,19152
926,periodic,168.0000,5040
927,periodic,168.0000,5712
928,periodic,168.0000,22176
929,periodic,168.0000,50400
930,periodic,168.0000,5376
931,periodic,168.0000,31920
932,periodic,168.0000,12768
933,periodic,168.0000,22848
934,periodic,168.0000,6048
935,periodic,168.0000,7728
936,periodic,168.0000,5040
937,periodic,168.0000,11760
938,periodic,168.0000,5040
939,periodic,168.0000,6720
940,periodic,168.0000,7392
941,periodic,168.0000,25536
942,periodic,168.0000,5040
943,periodic,168.0000,5040
944,periodic,168.0000,14112
945,periodic,168.0000,5040
946,periodic,168.0000,5040
947,periodic,168.0000,40992
948,periodic,168.0000,6720
949,periodic,168.0000,30240
950,periodic,168.0000,5040
951,periodic,168.0000,7392
952,periodic,168.0000,5040
953,periodic,168.0000,5040
954,periodic,168.0000,29568
955,periodic,168.0000,7392
956,periodic,168.0000,5040
957,periodic,168.0000,5040
958,periodic,168.0000,6384
959,periodic,168.0000,5040
960,periodic,168.0000,9072
961,periodic,168.0000,5040
962,periodic,168.0000,5712
963,periodic,168.0000,5040
964,periodic,168.0000,5040
965,periodic,168.0000,16800
966,periodic,168.0000,5040
967,periodic,168.0000,5040
968,periodic,168.0000,20496
969,periodic,168.0000,9408
970,periodic,168.0000,57120
971,periodic,168.0000,13776
972,periodic,168.0000,19824
973,periodic,168.0000,5040
974,periodic,168.0000,16800
975,periodic,168.0000,17808
976,periodic,168.0000,16128
977,periodic,168.0000,5712
978,periodic,168.0000,7392
979,periodic,168.0000,12432
980,periodic,168.0000,7056
981,periodic,168.0000,57792
982,periodic,168.0000,5040
983,periodic,168.0000,13104
984,periodic,168.0000,5040
985,periodic,168.0000,21840
986,periodic,168.0000,53424
987,periodic,168.0000,7056
988,periodic,168.0000,11760
989,periodic,168.0000,5040
990,periodic,168.0000,5040
991,periodic,168.0000,17136
992,periodic,168.0000,21168
993,periodic,168.0000,5376
994,periodic,168.0000,14112
995,periodic,168.0000,5040
996,periodic,168.0000,6720
997,periodic,168.0000,36960
998,periodic,168.0000,19488
999,periodic,168.0000,5040
1000,periodic,168.0000,5040
1001,periodic,168.0000,11424
1002,periodic,168.0000,5040
1003,periodic,168.0000,5040
1004,periodic,168.0000,13776
1005,periodic,168.0000,23184
1006,periodic,168.0000,15456
1007,periodic,168.0000,42672
1008,periodic,168.0000,21840
1009,periodic,168.0000,39312
1010,periodic,168.0000,16464
1011,periodic,168.0000,5040
1012,periodic,168.0000,16800
1013,periodic,168.0000,12432
1014,periodic,168.0000,10080
1015,periodic,168.0000,17136
1016,periodic,168.0000,24528
1017,periodic,168.0000,69216
1018,periodic,168.0000,63504
1019,periodic,168.0000,6048
1020,periodic,168.0000,6384
1021,periodic,168.0000,43344
1022,periodic,168.0000,12096
1023,periodic,168.0000,13440
1024,periodic,168.0000,38640
1025,periodic,168.0000,18816
1026,periodic,168.0000,29904
1027,periodic,168.0000,20160
1028,periodic,168.0000,42336
1029,periodic,168.0000,20832
1030,periodic,168.0000,13776
1031,periodic,168.0000,16128
1032,periodic,168.0000,29232
1033,periodic,168.0000,8064
1034,periodic,168.0000,5040
1035,periodic,168.0000,25200
1036,periodic,168.0000,5040
1037,periodic,168.0000,5040
1038,periodic,168.0000,5040
1039,periodic,168.0000,13104
1040,periodic,168.0000,44016
1041,periodic,168.0000,80640
1042,periodic,168.0000,8400
1043,periodic,168.0000,37632
1044,periodic,168.0000,24864
1045,periodic,168.0000,18480
1046,periodic,168.0000,11088
1047,periodic,168.0000,5040
1048,periodic,168.0000,5040
1049,periodic,168.0000,10080
1050,periodic,168.0000,13776
1051,periodic,168.0000,12432
1052,periodic,168.0000,15792
1053,periodic,168.0000,18480
1054,periodic,168.0000,5040
1055,periodic,168.0000,43008
1056,periodic,168.0000,5712
1057,periodic,168.0000,5040
1058,periodic,168.0000,5040
1059,periodic,168.0000,8400
1060,periodic,168.0000,5040
1061,periodic,168.0000,74256
1062,periodic,168.0000,7056
1063,periodic,168.0000,12096
1064,periodic,168.0000,55776
1065,periodic,168.0000,5040
1066,periodic,168.0000,5712
1067,periodic,168.0000,16128
1068,periodic,168.0000,49728
1069,periodic,168.0000,5712
1070,periodic,168.0000,45024
1071,periodic,168.0000,26208
1072,periodic,168.0000,5040
1073,periodic,168.0000,8736
1074,periodic,168.0000,30576
1075,periodic,168.0000,26880
1076,periodic,168.0000,34272
1077,periodic,168.0000,27552
1078,periodic,168.0000,5040
1079,periodic,168.0000,5040
1080,periodic,168.0000,5040
1081,periodic,168.0000,78288
1082,periodic,168.0000,16800
1083,periodic,168.0000,5040
1084,periodic,168.0000,65520
1085,periodic,168.0000,53760
1086,periodic,168.0000,5040
1087,periodic,168.0000,5040
1088,periodic,168.0000,24528
1089,periodic,168.0000,5040
1090,periodic,168.0000,45024
1091,periodic,168.0000,18480
1092,periodic,168.0000,5040
1093,periodic,168.0000,6048
1094,periodic,168.0000,10416
1095,periodic,168.0000,19152
1096,periodic,168.0000,44016
1097,periodic,168.0000,9072
1098,periodic,168.0000,5040
1099,periodic,168.0000,16464
1100,periodic,168.0000,5040
1101,periodic,168.0000,9072
1102,periodic,168.0000,6384
1103,periodic,168.0000,9072
1104,periodic,168.0000,5040
1105,periodic,168.0000,6048
1106,periodic,168.0000,29568
1107,periodic,168.0000,5040
1108,periodic,168.0000,7056
1109,periodic,168.0000,5040
1110,periodic,168.0000,17472
1111,periodic,168.0000,8736
1112,periodic,168.0000,5376
1113,periodic,168.0000,5040
1114,periodic,168.0000,5040
1115,periodic,168.0000,18480
1116,periodic,168.0000,5712
1117,periodic,168.0000,15120
1118,periodic,168.0000,5040
1119,periodic,168.0000,6048
1120,periodic,168.0000,14784
1121,periodic,168.0000,25536
1122,periodic,168.0000,33264
1123,periodic,168.0000,28896
1124,periodic,168.0000,10416
1125,periodic,168.0000,37968
1126,periodic,168.0000,7728
1127,periodic,168.0000,6384
1128,periodic,168.0000,8400
1129,periodic,168.0000,19488
1130,periodic,168.0000,20160
1131,periodic,168.0000,5040
1132,periodic,168.0000,45696
1133,periodic,168.0000,46032
1134,periodic,168.0000,64848
1135,periodic,168.0000,5040
1136,periodic,168.0000,12432
1137,periodic,168.0000,36624
1138,periodic,168.0000,5040
1139,periodic,168.0000,6048
1140,periodic,168.0000,17136
1141,periodic,168.0000,27888
1142,periodic,168.0000,5040
1143,periodic,168.0000,18144
1144,periodic,168.0000,5040
1145,periodic,168.0000,5040
1146,periodic,168.0000,22176
1147,periodic,168.0000,33600
1148,periodic,168.0000,5040
1149,periodic,168.0000,37632
1150,periodic,168.0000,25872
1151,periodic,168.0000,5040
1152,periodic,168.0000,5040
1153,periodic,168.0000,6048
1154,periodic,168.0000,7392
1155,periodic,168.0000,5376
1156,periodic,168.0000,5040
1157,periodic,168.0000,5040
1158,periodic,168.0000,5040
1159,periodic,168.0000,5040
1160,periodic,168.0000,6384
1161,periodic,168.0000,7392
1162,periodic,168.0000,5040
1163,periodic,168.0000,134400
1164,periodic,168.0000,5040
1165,periodic,168.0000,10752
1166,periodic,168.0000,7056
1167,periodic,168.0000,5040
1168,periodic,168.0000,8064
1169,periodic,168.0000,33936
1170,periodic,168.0000,5712
1171,periodic,168.0000,13776
1172,periodic,168.0000,7392
1173,periodic,168.0000,9744
1174,periodic,168.0000,8064
1175,periodic,168.0000,9744
1176,periodic,168.0000,5040
1177,periodic,168.0000,5040
1178,periodic,168.0000,14112
1179,periodic,168.0000,5040
1180,periodic,168.0000,18816
1181,periodic,168.0000,19488
1182,periodic,168.0000,37632
1183,periodic,168.0000,9072
1184,periodic,168.0000,21168
1185,periodic,168.0000,27552
1186,periodic,168.0000,57792
1187,periodic,168.0000,22176
1188,periodic,168.0000,14784
1189,periodic,168.0000,5712
1190,periodic,168.0000,5040
1191,periodic,168.0000,5040
1192,periodic,168.0000,16464
1193,periodic,168.0000,5376
1194,periodic,168.0000,8064
1195,periodic,168.0000,15792
1196,periodic,168.0000,6384
1197,periodic,168.0000,5040
1198,periodic,168.0000,86016
1199,periodic,168.0000,6048
1200,periodic,168.0000,5712
1201,periodic,168.0000,8400
1202,periodic,168.0000,5040
1203,periodic,168.0000,5040
1204,periodic,168.0000,6048
1205,periodic,168.0000,5040
1206,periodic,168.0000,13440
1207,periodic,168.0000,29568
1208,periodic,168.0000,5712
1209,periodic,168.0000,12768
1210,periodic,168.0000,5040
1211,periodic,168.0000,16800
1212,periodic,168.0000,6720
1213,periodic,168.0000,5040
1214,periodic,168.0000,6720
1215,periodic,168.0000,5376
1216,periodic,168.0000,14112
1217,periodic,168.0000,16128
1218,periodic,168.0000,5040
1219,periodic,168.0000,22512
1220,periodic,168.0000,70560
1221,periodic,168.0000,5040
1222,periodic,168.0000,11424
1223,periodic,168.0000,18480
1224,periodic,168.0000,10080
1225,periodic,168.0000,5376
1226,periodic,168.0000,25536
1227,periodic,168.0000,100128
1228,periodic,168.0000,5040
1229,periodic,168.0000,14112
1230,periodic,168.0000,16128
1231,periodic,168.0000,17136
1232,periodic,168.0000,12432
1233,periodic,168.0000,5040
1234,periodic,168.0000,5040
1235,periodic,168.0000,5376
1236,periodic,168.0000,54432
1237,periodic,168.0000,19488
1238,periodic,168.0000,5712
1239,periodic,168.0000,7728
1240,periodic,168.0000,11088
1241,periodic,168.0000,42000
1242,periodic,168.0000,5040
1243,periodic,168.0000,10080
1244,periodic,168.0000,5040
1245,periodic,168.0000,9072
1246,periodic,168.0000,12096
1247,periodic,168.0000,18816
1248,periodic,168.0000,11088
1249,periodic,168.0000,33264
1250,periodic,168.0000,8400
1251,periodic,168.0000,38976
1252,periodic,168.0000,35280
1253,periodic,168.0000,14112
1254,periodic,168.0000,31584
1255,periodic,168.0000,30912
1256,periodic,168.0000,5040
1257,periodic,168.0000,38976
1258,periodic,168.0000,5712
1259,periodic,168.0000,5376
1260,periodic,168.0000,46032
1261,periodic,168.0000,5040
1262,periodic,168.0000,8400
1263,periodic,168.0000,74592
1264,periodic,168.0000,5040
1265,periodic,168.0000,7392
1266,periodic,168.0000,56448
1267,periodic,168.0000,7392
1268,periodic,168.0000,19824
1269,periodic,168.0000,7392
1270,periodic,168.0000,23856
1271,periodic,168.0000,5040
1272,periodic,168.0000,6720
1273,periodic,168.0000,17472
1274,periodic,168.0000,9744
1275,periodic,168.0000,5376
1276,periodic,168.0000,5040
1277,periodic,168.0000,21504
1278,periodic,168.0000,5040
1279,periodic,168.0000,53088
1280,periodic,168.0000,22176
1281,periodic,168.0000,22848
1282,periodic,168.0000,6048
1283,periodic,168.0000,8064
1284,periodic,168.0000,31248
1285,periodic,168.0000,7056
1286,periodic,168.0000,10752
1287,periodic,168.0000,6384
1288,periodic,168.0000,9072
1289,periodic,168.0000,9408
1290,periodic,168.0000,19152
1291,periodic,168.0000,5040
1292,periodic,168.0000,5040
1293,periodic,168.0000,60480
1294,periodic,168.0000,21840
1295,periodic,168.0000,12432
1296,periodic,168.0000,36624
1297,periodic,168.0000,5040
1298,periodic,168.0000,15456
1299,periodic,168.0000,9072
1300,periodic,168.0000,22512
1301,periodic,168.0000,18480
1302,periodic,168.0000,5040
1303,periodic,168.0000,12096
1304,periodic,168.0000,8064
1305,periodic,168.0000,5040
1306,periodic,168.0000,15456
1307,periodic,168.0000,15792
1308,periodic,168.0000,13440
1309,periodic,168.0000,5040
1310,periodic,168.0000,6720
1311,periodic,168.0000,38640
1312,periodic,168.0000,23520
1313,periodic,168.0000,10080
1314,periodic,168.0000,5040
1315,periodic,168.0000,5712
1316,periodic,168.0000,7056
1317,periodic,168.0000,13440
1318,periodic,168.0000,5040
1319,periodic,168.0000,5040
1320,periodic,168.0000,21168
1321,periodic,168.0000,15120
1322,periodic,168.0000,5040
1323,periodic,168.0000,5040
1324,periodic,168.0000,6048
1325,periodic,168.0000,5040
1326,periodic,168.0000,5040
1327,periodic,168.0000,5040
1328,periodic,168.0000,9072
1329,periodic,168.0000,35280
1330,periodic,168.0000,51744
1331,periodic,168.0000,13104
1332,periodic,168.0000,5040
1333,periodic,168.0000,9744
1334,periodic,168.0000,24528
1335,periodic,168.0000,5040
1336,periodic,168.0000,5040
1337,periodic,168.0000,8736
1338,periodic,168.0000,35952
1339,periodic,168.0000,5376
1340,periodic,168.0000,8400
1341,periodic,168.0000,5040
1342,periodic,168.0000,5040
1343,periodic,168.0000,12432
1344,periodic,168.0000,5040
1345,periodic,168.0000,18144
1346,periodic,168.0000,5040
1347,periodic,168.0000,51072
1348,periodic,168.0000,52416
1349,periodic,168.0000,96432
1350,periodic,168.0000,15120
1351,periodic,168.0000,5712
1352,periodic,168.0000,5040
1353,periodic,168.0000,12432
1354,periodic,168.0000,18144
1355,periodic,168.0000,5376
1356,periodic,168.0000,5040
1357,periodic,168.0000,10080
1358,periodic,168.0000,5376
1359,periodic,168.0000,5040
1360,periodic,168.0000,5040
1361,periodic,168.0000,5712
1362,periodic,168.0000,16128
1363,periodic,168.0000,11760
1364,periodic,168.0000,9072
1365,periodic,168.0000,5040
1366,periodic,168.0000,43344
1367,periodic,168.0000,5712
1368,periodic,168.0000,9072
1369,periodic,168.0000,6720
1370,periodic,168.0000,8064
1371,periodic,168.0000,6384
1372,periodic,168.0000,8736
1373,periodic,168.0000,20496
1374,periodic,168.0000,13776
1375,periodic,168.0000,16128
1376,periodic,168.0000,9072
1377,periodic,168.0000,5040
1378,periodic,168.0000,54096
1379,periodic,168.0000,29904
1380,periodic,168.0000,10416
1381,periodic,168.0000,5040
1382,periodic,168.0000,35952
1383,periodic,168.0000,5040
1384,periodic,168.0000,5040
1385,periodic,168.0000,51408
1386,periodic,168.0000,23184
1387,periodic,168.0000,16128
1388,periodic,168.0000,23184
1389,periodic,168.0000,5040
1390,periodic,168.0000,5040
1391,periodic,168.0000,5040
1392,periodic,168.0000,5712
1393,periodic,168.0000,5040
1394,periodic,168.0000,14112
1395,periodic,168.0000,5376
1396,periodic,168.0000,17136
1397,periodic,168.0000,10752
1398,periodic,168.0000,27216
1399,periodic,168.0000,5040
1400,periodic,168.0000,5040
1401,periodic,168.0000,11424
1402,periodic,168.0000,20496
1403,periodic,168.0000,16800
1404,periodic,168.0000,29568
1405,periodic,168.0000,5040
1406,periodic,168.0000,22176
1407,periodic,168.0000,130704
1408,periodic,168.0000,11760
1409,periodic,168.0000,12768
1410,periodic,168.0000,16128
1411,periodic,168.0000,35616
1412,periodic,168.0000,18144
1413,periodic,168.0000,5040
1414,periodic,168.0000,5040
1415,periodic,168.0000,18480
1416,periodic,168.0000,5376
1417,periodic,168.0000,5040
1418,periodic,168.0000,12768
1419,periodic,168.0000,11088
1420,periodic,168.0000,5040
1421,periodic,168.0000,10416
1422,periodic,168.0000,5040
1423,periodic,168.0000,12768
1424,periodic,168.0000,5040
1425,periodic,168.0000,5712
1426,periodic,168.0000,5040
1427,periodic,168.0000,5040
1428,periodic,168.0000,12096
1429,periodic,168.0000,5040
1430,periodic,168.0000,12432
1431,periodic,168.0000,5040
1432,periodic,168.0000,6048
1433,periodic,168.0000,15120
1434,periodic,168.0000,5376
1435,periodic,168.0000,5712
1436,periodic,168.0000,5040
1437,periodic,168.0000,6720
1438,periodic,168.0000,22176
1439,periodic,168.0000,27888
1440,periodic,168.0000,5040
1441,periodic,168.0000,5040
1442,periodic,168.0000,5040
1443,periodic,168.0000,26208
1444,periodic,168.0000,26880
1445,periodic,168.0000,5040
1446,periodic,168.0000,5040
1447,periodic,168.0000,13440
1448,periodic,168.0000,5040
1449,periodic,168.0000,19824
1450,periodic,168.0000,5712
1451,periodic,168.0000,5040
1452,periodic,168.0000,10080
1453,periodic,168.0000,8736
1454,periodic,168.0000,11088
1455,periodic,168.0000,50400
1456,periodic,168.0000,5040
1457,periodic,168.0000,5040
1458,periodic,168.0000,18816
1459,periodic,168.0000,25200
1460,periodic,168.0000,12096
1461,periodic,168.0000,7056
1462,periodic,168.0000,32928
1463,periodic,168.0000,18816
1464,periodic,168.0000,5376
1465,periodic,168.0000,5040
1466,periodic,168.0000,5040
1467,periodic,168.0000,19488
1468,periodic,168.0000,10416
1469,periodic,168.0000,5040
1470,periodic,168.0000,5712
1471,periodic,168.0000,5040
1472,periodic,168.0000,5040
1473,periodic,168.0000,20496
1474,periodic,168.0000,5040
1475,periodic,168.0000,10752
1476,periodic,168.0000,5040
1477,periodic,168.0000,5712
1478,periodic,168.0000,9072
1479,periodic,168.0000,11760
1480,periodic,168.0000,7392
1481,periodic,168.0000,5040
1482,periodic,168.0000,35616
1483,periodic,168.0000,11760
1484,periodic,168.0000,5040
1485,periodic,168.0000,5376
1486,periodic,168.0000,32928
1487,periodic,168.0000,5040
1488,periodic,168.0000,36960
1489,periodic,168.0000,5040
1490,periodic,168.0000,5040
1491,periodic,168.0000,5040
1492,periodic,168.0000,5040
1493,periodic,168.0000,14448
1494,periodic,168.0000,10080
1495,periodic,168.0000,20496
1496,periodic,168.0000,44352
1497,periodic,168.0000,9072
1498,periodic,168.0000,7392
1499,periodic,168.0000,33264
1500,periodic,168.0000,5040
1501,periodic,168.0000,5040
1502,periodic,168.0000,13776
1503,periodic,168.0000,21504
1504,periodic,168.0000,15792
1505,periodic,168.0000,6720
1506,periodic,168.0000,11088
1507,periodic,168.0000,10080
1508,periodic,168.0000,6720
1509,periodic,168.0000,6720
1510,periodic,168.0000,5040
1511,periodic,168.0000,9072
1512,periodic,168.0000,7392
1513,periodic,168.0000,10080
1514,periodic,168.0000,11424
1515,periodic,168.0000,5040
1516,periodic,168.0000,5040
1517,periodic,168.0000,5040
1518,periodic,168.0000,5040
1519,periodic,168.0000,33936
1520,periodic,168.0000,26544
1521,periodic,168.0000,47040
1522,periodic,168.0000,22176
1523,periodic,168.0000,12432
1524,periodic,168.0000,5712
1525,periodic,168.0000,15792
1526,periodic,168.0000,32592
1527,periodic,168.0000,5040
1528,periodic,168.0000,17808
1529,periodic,168.0000,5376
1530,periodic,168.0000,5040
1531,periodic,168.0000,25200
1532,periodic,168.0000,5712
1533,periodic,168.0000,5040
1534,periodic,168.0000,75264
1535,periodic,168.0000,7392
1536,periodic,168.0000,12432
1537,periodic,168.0000,6048
1538,periodic,168.0000,28224
1539,periodic,168.0000,45024
1540,periodic,168.0000,5040
1541,periodic,168.0000,29232
1542,periodic,168.0000,27552
1543,periodic,168.0000,5040
1544,periodic,168.0000,14112
1545,periodic,168.0000,14112
1546,periodic,168.0000,25200
1547,periodic,168.0000,7728
1548,periodic,168.0000,5040
1549,periodic,168.0000,5040
1550,periodic,168.0000,8400
1551,periodic,168.0000,5376
1552,periodic,168.0000,9072
1553,periodic,168.0000,101136
1554,periodic,168.0000,12768
1555,periodic,168.0000,9072
1556,periodic,168.0000,49728
1557,periodic,168.0000,6384
1558,periodic,168.0000,35616
1559,periodic,168.0000,9408
1560,periodic,168.0000,5376
1561,periodic,168.0000,5040
1562,periodic,168.0000,5712
1563,periodic,168.0000,5376
1564,periodic,168.0000,8064
1565,periodic,168.0000,76608
1566,periodic,168.0000,6384
1567,periodic,168.0000,5040
1568,periodic,168.0000,15456
1569,periodic,168.0000,17136
1570,periodic,168.0000,5040
1571,periodic,168.0000,35616
1572,periodic,168.0000,80976
1573,periodic,168.0000,5040
1574,periodic,168.0000,5040
1575,periodic,168.0000,5040
1576,periodic,168.0000,103152
1577,periodic,168.0000,5040
1578,periodic,168.0000,5040
1579,periodic,168.0000,5040
1580,periodic,168.0000,47376
1581,periodic,168.0000,5040
1582,periodic,168.0000,5040
1583,periodic,168.0000,21504
1584,periodic,168.0000,6384
1585,periodic,168.0000,13104
1586,periodic,168.0000,5040
1587,periodic,168.0000,5712
1588,periodic,168.0000,10416
1589,periodic,168.0000,5040
1590,periodic,168.0000,17808
1591,periodic,168.0000,5040
1592,periodic,168.0000,45696
1593,periodic,168.0000,22512
1594,periodic,168.0000,40320
1595,periodic,168.0000,11088
1596,periodic,168.0000,21168
1597,periodic,168.0000,31920
1598,periodic,168.0000,5712
1599,periodic,168.0000,9072
1600,periodic,168.0000,11088
1601,periodic,168.0000,5040
1602,periodic,168.0000,20496
1603,periodic,168.0000,16800
1604,periodic,168.0000,16464
1605,periodic,168.0000,13440
1606,periodic,168.0000,173040
1607,periodic,168.0000,5040
1608,periodic,168.0000,5040
1609,periodic,168.0000,8400
1610,periodic,168.0000,38304
1611,periodic,168.0000,25872
1612,periodic,168.0000,10752
1613,periodic,168.0000,24528
1614,periodic,168.0000,5376
1615,periodic,168.0000,5376
1616,periodic,168.0000,40992
1617,periodic,168.0000,5712
1618,periodic,168.0000,65184
1619,periodic,168.0000,7392
1620,periodic,168.0000,5040
1621,periodic,168.0000,52752
1622,periodic,168.0000,137424
1623,periodic,168.0000,7056
1624,periodic,168.0000,22512
1625,periodic,168.0000,56448
1626,periodic,168.0000,6048
1627,periodic,168.0000,25872
1628,periodic,168.0000,6720
1629,periodic,168.0000,5040
1630,periodic,168.0000,15456
1631,periodic,168.0000,5040
1632,periodic,168.0000,5040
1633,periodic,168.0000,5712
1634,periodic,168.0000,5712
1635,periodic,168.0000,6048
1636,periodic,168.0000,29904
1637,periodic,168.0000,6048
1638,periodic,168.0000,20496
1639,periodic,168.0000,8400
1640,periodic,168.0000,43008
1641,periodic,168.0000,22512
1642,periodic,168.0000,5040
1643,periodic,168.0000,5040
1644,periodic,168.0000,9408
1645,periodic,168.0000,5040
1646,periodic,168.0000,27888
1647,periodic,168.0000,47040
1648,periodic,168.0000,25536
1649,periodic,168.0000,30240
1650,periodic,168.0000,9408
1651,periodic,168.0000,7728
1652,periodic,168.0000,22176
1653,periodic,168.0000,15456
1654,periodic,168.0000,5376
1655,periodic,168.0000,5040
1656,periodic,168.0000,30912
1657,periodic,168.0000,50736
1658,periodic,168.0000,5040
1659,periodic,168.0000,11424
1660,periodic,168.0000,47712
1661,periodic,168.0000,17136
1662,periodic,168.0000,13440
1663,periodic,168.0000,32928
1664,periodic,168.0000,27552
1665,periodic,168.0000,30576
1666,periodic,168.0000,5040
1667,periodic,168.0000,5040
1668,periodic,168.0000,5040
1669,periodic,168.0000,13776
1670,periodic,168.0000,7392
1671,periodic,168.0000,20160
1672,periodic,168.0000,7392
1673,periodic,168.0000,64512
1674,periodic,168.0000,60816
1675,periodic,168.0000,9744
1676,periodic,168.0000,15120
1677,periodic,168.0000,5040
1678,periodic,168.0000,5040
1679,periodic,168.0000,22848
1680,periodic,168.0000,6384
1681,periodic,168.0000,5040
1682,periodic,168.0000,5376
1683,periodic,168.0000,5712
1684,periodic,168.0000,5040
1685,periodic,168.0000,12768
1686,periodic,168.0000,5040
1687,periodic,168.0000,5712
1688,periodic,168.0000,20832
1689,periodic,168.0000,12096
1690,periodic,168.0000,5040
1691,periodic,168.0000,5040
1692,periodic,168.0000,5376
1693,periodic,168.0000,5712
1694,periodic,168.0000,45024
1695,periodic,168.0000,26544
1696,periodic,168.0000,12096
1697,periodic,168.0000,21168
1698,periodic,168.0000,35280
1699,periodic,168.0000,5712
1700,periodic,168.0000,19824
1701,periodic,168.0000,9072
1702,periodic,168.0000,10416
1703,periodic,168.0000,53088
1704,periodic,168.0000,20832
1705,periodic,168.0000,5040
1706,periodic,168.0000,93744
1707,periodic,168.0000,13776
1708,periodic,168.0000,7728
1709,periodic,168.0000,5040
1710,periodic,168.0000,8400
1711,periodic,168.0000,37296
1712,periodic,168.0000,19152
1713,periodic,168.0000,23184
1714,periodic,168.0000,5040
1715,periodic,168.0000,30576
1716,periodic,168.0000,33936
1717,periodic,168.0000,5040
1718,periodic,168.0000,6384
1719,periodic,168.0000,31248
1720,periodic,168.0000,13776
1721,periodic,168.0000,36960
1722,periodic,168.0000,96768
1723,periodic,168.0000,6048
1724,periodic,168.0000,15120
1725,periodic,168.0000,7392
1726,periodic,168.0000,7728
1727,periodic,168.0000,16800
1728,periodic,168.0000,5040
1729,periodic,168.0000,5376
1730,periodic,168.0000,18144
1731,periodic,168.0000,11424
1732,periodic,168.0000,59472
1733,periodic,168.0000,5040
1734,periodic,168.0000,5040
1735,periodic,168.0000,5040
1736,periodic,168.0000,8064
1737,periodic,168.0000,31920
1738,periodic,168.0000,5040
1739,periodic,168.0000,13776
1740,periodic,168.0000,16800
1741,periodic,168.0000,9744
1742,periodic,168.0000,6048
1743,periodic,168.0000,10752
1744,periodic,168.0000,5040
1745,periodic,168.0000,31584
1746,periodic,168.0000,5040
1747,periodic,168.0000,16464
1748,periodic,168.0000,21504
1749,periodic,168.0000,10080
1750,periodic,168.0000,12096
1751,periodic,168.0000,7392
1752,periodic,168.0000,20160
1753,periodic,168.0000,12096
1754,periodic,168.0000,13440
1755,periodic,168.0000,12768
1756,periodic,168.0000,32592
1757,periodic,168.0000,20832
1758,periodic,168.0000,5040
1759,periodic,168.0000,33600
1760,periodic,168.0000,26880
1761,periodic,168.0000,24864
1762,periodic,168.0000,5040
1763,periodic,168.0000,25872
1764,periodic,168.0000,5040
1765,periodic,168.0000,6384
1766,periodic,168.0000,5040
1767,periodic,168.0000,5712
1768,periodic,168.0000,6384
1769,periodic,168.0000,6048
1770,periodic,168.0000,10416
1771,periodic,168.0000,25872
1772,periodic,168.0000,5040
1773,periodic,168.0000,5040
1774,periodic,168.0000,31584
1775,periodic,168.0000,5040
1776,periodic,168.0000,13104
1777,periodic,168.0000,5040
1778,periodic,168.0000,11760
1779,periodic,168.0000,17136
1780,periodic,168.0000,10416
1781,periodic,168.0000,5040
1782,periodic,168.0000,5040
1783,periodic,168.0000,7056
1784,periodic,168.0000,46704
1785,periodic,168.0000,19152
1786,periodic,168.0000,5040
1787,periodic,168.0000,16464
1788,periodic,168.0000,5040
1789,periodic,168.0000,7728
1790,periodic,168.0000,5712
1791,periodic,168.0000,5040
1792,periodic,168.0000,25536
1793,periodic,168.0000,5040
1794,periodic,168.0000,7056
1795,periodic,168.0000,23520
1796,periodic,168.0000,5040
1797,periodic,168.0000,9072
1798,periodic,168.0000,6048
1799,periodic,168.0000,83328
1800,periodic,168.0000,12432
1801,periodic,168.0000,6720
1802,periodic,168.0000,5376
1803,periodic,168.0000,5376
1804,periodic,168.0000,7392
1805,periodic,168.0000,5712
1806,periodic,168.0000,58800
1807,periodic,168.0000,37632
1808,periodic,168.0000,5040
1809,periodic,168.0000,12432
1810,periodic,168.0000,30912
1811,periodic,168.0000,20496
1812,periodic,168.0000,5712
1813,periodic,168.0000,71568
1814,periodic,168.0000,27888
1815,periodic,168.0000,11424
1816,periodic,168.0000,9072
1817,periodic,168.0000,5040
1818,periodic,168.0000,5040
1819,periodic,168.0000,15456
1820,periodic,168.0000,172032
1821,periodic,168.0000,12096
1822,periodic,168.0000,5040
1823,periodic,168.0000,5376
1824,periodic,168.0000,5040
1825,periodic,168.0000,5040
1826,periodic,168.0000,38976
1827,periodic,168.0000,5712
1828,periodic,168.0000,23856
1829,periodic,168.0000,5712
1830,periodic,168.0000,15456
1831,periodic,168.0000,15792
1832,periodic,168.0000,6048
1833,periodic,168.0000,46368
1834,periodic,168.0000,5712
1835,periodic,168.0000,5376
1836,periodic,168.0000,5040
1837,periodic,168.0000,8064
1838,periodic,168.0000,5712
1839,periodic,168.0000,5040
1840,periodic,168.0000,5712
1841,periodic,168.0000,5712
1842,periodic,168.0000,43008
1843,periodic,168.0000,18480
1844,periodic,168.0000,5040
1845,periodic,168.0000,5376
1846,periodic,168.0000,19152
1847,periodic,168.0000,11088
1848,periodic,168.0000,12432
1849,periodic,168.0000,6384
1850,periodic,168.0000,5040
1851,periodic,168.0000,68544
1852,periodic,168.0000,6048
1853,periodic,168.0000,5040
1854,periodic,168.0000,7392
1855,periodic,168.0000,25536
1856,periodic,168.0000,5712
1857,periodic,168.0000,81984
1858,periodic,168.0000,12096
1859,periodic,168.0000,7056
1860,periodic,168.0000,5712
1861,periodic,168.0000,8400
1862,periodic,168.0000,5040
1863,periodic,168.0000,37296
1864,periodic,168.0000,23856
1865,periodic,168.0000,5040
1866,periodic,168.0000,5040
1867,periodic,168.0000,5040
1868,periodic,168.0000,10080
1869,periodic,168.0000,11424
1870,periodic,168.0000,5040
1871,periodic,168.0000,5040
1872,periodic,168.0000,30912
1873,periodic,168.0000,53088
1874,periodic,168.0000,9072
1875,periodic,168.0000,5712
1876,periodic,168.0000,25200
1877,periodic,168.0000,31584
1878,periodic,168.0000,7392
1879,periodic,168.0000,78960
1880,periodic,168.0000,7728
1881,periodic,168.0000,10416
1882,periodic,168.0000,5040
1883,periodic,168.0000,67200
1884,periodic,168.0000,32928
1885,periodic,168.0000,8736
1886,periodic,168.0000,9072
1887,periodic,168.0000,13776
1888,periodic,168.0000,6720
1889,periodic,168.0000,8064
1890,periodic,168.0000,12768
1891,periodic,168.0000,40320
1892,periodic,168.0000,5040
1893,periodic,168.0000,10752
1894,periodic,168.0000,5040
1895,periodic,168.0000,5040
1896,periodic,168.0000,42000
1897,periodic,168.0000,9072
1898,periodic,168.0000,5040
1899,periodic,168.0000,10416
1900,periodic,168.0000,10080
1901,periodic,168.0000,7056
1902,periodic,168.0000,17136
1903,periodic,168.0000,5376
1904,periodic,168.0000,30240
1905,periodic,168.0000,14448
1906,periodic,168.0000,8064
1907,periodic,168.0000,5712
1908,periodic,168.0000,5040
1909,periodic,168.0000,20160
1910,periodic,168.0000,65520
1911,periodic,168.0000,5040
1912,periodic,168.0000,28224
1913,periodic,168.0000,5376
1914,periodic,168.0000,16128
1915,periodic,168.0000,9072
1916,periodic,168.0000,5040
1917,periodic,168.0000,11088
1918,periodic,168.0000,5712
1919,periodic,168.0000,12768
1920,periodic,168.0000,6048
1921,periodic,168.0000,5040
1922,periodic,168.0000,20496
1923,periodic,168.0000,16128
1924,periodic,168.0000,16128
1925,periodic,168.0000,5040
1926,periodic,168.0000,5040
1927,periodic,168.0000,30240
1928,periodic,168.0000,5040
1929,periodic,168.0000,5712
1930,periodic,168.0000,6720
1931,periodic,168.0000,9744
1932,periodic,168.0000,11760
1933,periodic,168.0000,7056
1934,periodic,168.0000,18816
1935,periodic,168.0000,53424
1936,periodic,168.0000,49392
1937,periodic,168.0000,23184
1938,periodic,168.0000,37632
1939,periodic,168.0000,5040
1940,periodic,168.0000,5712
1941,periodic,168.0000,7392
1942,periodic,168.0000,5376
1943,periodic,168.0000,5040
1944,periodic,168.0000,5040
1945,periodic,168.0000,24192
1946,periodic,168.0000,5040
1947,periodic,168.0000,5040
1948,periodic,168.0000,14448
1949,periodic,168.0000,16128
1950,periodic,168.0000,51744
1951,periodic,168.0000,6048
1952,periodic,168.0000,5376
1953,periodic,168.0000,76944
1954,periodic,168.0000,5040
1955,periodic,168.0000,6720
1956,periodic,168.0000,26208
1957,periodic,168.0000,8736
1958,periodic,168.0000,10752
1959,periodic,168.0000,14112
1960,periodic,168.0000,14448
1961,periodic,168.0000,5040
1962,periodic,168.0000,23856
1963,periodic,168.0000,17808
1964,periodic,168.0000,13104
1965,periodic,168.0000,10080
1966,periodic,168.0000,18816
1967,periodic,168.0000,102816
1968,periodic,168.0000,75264
1969,periodic,168.0000,5040
1970,periodic,168.0000,5040
1971,periodic,168.0000,6720
1972,periodic,168.0000,5040
1973,periodic,168.0000,41328
1974,periodic,168.0000,5040
1975,periodic,168.0000,15456
1976,periodic,168.0000,11088
1977,periodic,168.0000,5376
1978,periodic,168.0000,39984
1979,periodic,168.0000,8064
1980,periodic,168.0000,11424
1981,periodic,168.0000,14448
1982,periodic,168.0000,12432
1983,periodic,168.0000,57456
1984,periodic,168.0000,10080
1985,periodic,168.0000,13776
1986,periodic,168.0000,84000
1987,periodic,168.0000,5040
1988,periodic,168.0000,5040
1989,periodic,168.0000,154224
1990,periodic,168.0000,15456
1991,periodic,168.0000,5040
1992,periodic,168.0000,5040
1993,periodic,168.0000,21840
1994,periodic,168.0000,22848
1995,periodic,168.0000,5040
1996,periodic,168.0000,10752
1997,periodic,168.0000,5040
1998,periodic,168.0000,5376
1999,periodic,168.0000,12432
2000,periodic,168.0000,20496
2001,periodic,168.0000,5712
2002,periodic,168.0000,5040
2003,periodic,168.0000,31584
2004,periodic,168.0000,17136
2005,periodic,168.0000,5040
2006,periodic,168.0000,7056
2007,periodic,168.0000,5040
2008,periodic,168.0000,15120
2009,periodic,168.0000,19824
2010,periodic,168.0000,7392
2011,periodic,168.0000,16128
2012,periodic,168.0000,10416
2013,periodic,168.0000,24864
2014,periodic,168.0000,25200
2015,periodic,168.0000,12096
2016,periodic,168.0000,5376
2017,periodic,168.0000,5040
2018,periodic,168.0000,59472
2019,periodic,168.0000,5712
2020,periodic,168.0000,5040
2021,periodic,168.0000,7392
2022,periodic,168.0000,5040
2023,periodic,168.0000,36960
2024,periodic,168.0000,5040
2025,periodic,168.0000,5040
2026,periodic,168.0000,8064
2027,periodic,168.0000,5712
2028,periodic,168.0000,5040
2029,periodic,168.0000,5040
2030,periodic,168.0000,11760
2031,periodic,168.0000,6720
2032,periodic,168.0000,50400
2033,periodic,168.0000,5040
2034,periodic,168.0000,10752
2035,periodic,168.0000,7056
2036,periodic,168.0000,59808
2037,periodic,168.0000,5040
2038,periodic,168.0000,32928
2039,periodic,168.0000,7728
2040,periodic,168.0000,8400
2041,periodic,168.0000,11088
2042,periodic,168.0000,5040
2043,periodic,168.0000,25872
2044,periodic,168.0000,16800
2045,periodic,168.0000,29904
2046,periodic,168.0000,7728
2047,periodic,168.0000,48720
2048,periodic,168.0000,24528
2049,periodic,168.0000,15120
2050,periodic,168.0000,49056
2051,periodic,168.0000,5040
2052,periodic,168.0000,5040
2053,periodic,168.0000,38976
2054,periodic,168.0000,13104
2055,periodic,168.0000,114576
2056,periodic,168.0000,6048
2057,periodic,168.0000,5040
2058,periodic,168.0000,96096
2059,periodic,168.0000,14784
2060,periodic,168.0000,25872
2061,periodic,168.0000,5040
2062,periodic,168.0000,6384
2063,periodic,168.0000,7728
2064,periodic,168.0000,29232
2065,periodic,168.0000,44352
2066,periodic,168.0000,5040
2067,periodic,168.0000,8736
2068,periodic,168.0000,29568
2069,periodic,168.0000,12432
2070,periodic,168.0000,80304
2071,periodic,168.0000,10752
2072,periodic,168.0000,5040
2073,periodic,168.0000,5040
2074,periodic,168.0000,10752
2075,periodic,168.0000,8064
2076,periodic,168.0000,26208
2077,periodic,168.0000,41328
2078,periodic,168.0000,5040
2079,periodic,168.0000,32592
2080,periodic,168.0000,5376
2081,periodic,168.0000,10416
2082,periodic,168.0000,5376
2083,periodic,168.0000,5040
2084,periodic,168.0000,6384
2085,periodic,168.0000,5376
2086,periodic,168.0000,13776
2087,periodic,168.0000,45360
2088,periodic,168.0000,5040
2089,periodic,168.0000,9408
2090,periodic,168.0000,5376
2091,periodic,168.0000,33936
2092,periodic,168.0000,6048
2093,periodic,168.0000,20496
2094,periodic,168.0000,11088
2095,periodic,168.0000,12768
2096,periodic,168.0000,19152
2097,periodic,168.0000,8736
2098,periodic,168.0000,12768
2099,periodic,168.0000,7056
2100,periodic,168.0000,5040
2101,periodic,168.0000,5712
2102,periodic,168.0000,19824
2103,periodic,168.0000,11088
2104,periodic,168.0000,10080
2105,periodic,168.0000,8064
2106,periodic,168.0000,5040
2107,periodic,168.0000,5376
2108,periodic,168.0000,5712
2109,periodic,168.0000,40656
2110,periodic,168.0000,12768
2111,periodic,168.0000,22176
2112,periodic,168.0000,42000
2113,periodic,168.0000,7728
2114,periodic,168.0000,5040
2115,periodic,168.0000,5040
2116,periodic,168.0000,12096
2117,periodic,168.0000,75264
2118,periodic,168.0000,5040
2119,periodic,168.0000,5040
2120,periodic,168.0000,5040
2121,periodic,168.0000,9072
2122,periodic,168.0000,18480
2123,periodic,168.0000,6720
2124,periodic,168.0000,15120
2125,periodic,168.0000,17472
2126,periodic,168.0000,5040
2127,periodic,168.0000,6384
2128,periodic,168.0000,5040
2129,periodic,168.0000,64176
2130,periodic,168.0000,5040
2131,periodic,168.0000,6720
2132,periodic,168.0000,15792
2133,periodic,168.0000,11424
2134,periodic,168.0000,30912
2135,periodic,168.0000,5040
2136,periodic,168.0000,9744
2137,periodic,168.0000,5040
2138,periodic,168.0000,15120
2139,periodic,168.0000,10080
2140,periodic,168.0000,9744
2141,periodic,168.0000,6384
2142,periodic,168.0000,62496
2143,periodic,168.0000,33600
2144,periodic,168.0000,47040
2145,periodic,168.0000,7392
2146,periodic,168.0000,24192
2147,periodic,168.0000,10416
2148,periodic,168.0000,5712
2149,periodic,168.0000,7056
2150,periodic,168.0000,7728
2151,periodic,168.0000,7728
2152,periodic,168.0000,22848
2153,periodic,168.0000,5040
2154,periodic,168.0000,24864
2155,periodic,168.0000,97776
2156,periodic,168.0000,5040
2157,periodic,168.0000,38976
2158,periodic,168.0000,5712
2159,periodic,168.0000,5040
2160,periodic,168.0000,5040
2161,periodic,168.0000,6384
2162,periodic,168.0000,5040
2163,periodic,168.0000,14112
2164,periodic,168.0000,12432
2165,periodic,168.0000,53424
2166,periodic,168.0000,21840
2167,periodic,168.0000,15792
2168,periodic,168.0000,36960
2169,periodic,168.0000,9408
2170,periodic,168.0000,38640
2171,periodic,168.0000,5040
2172,periodic,168.0000,5040
2173,periodic,168.0000,5040
2174,periodic,168.0000,8064
2175,periodic,168.0000,28560
2176,periodic,168.0000,5040
2177,periodic,168.0000,5040
2178,periodic,168.0000,8064
2179,periodic,168.0000,14784
2180,periodic,168.0000,47712
2181,periodic,168.0000,9408
2182,periodic,168.0000,5040
2183,periodic,168.0000,26544
2184,periodic,168.0000,26544
2185,periodic,168.0000,5040
2186,periodic,168.0000,5040
2187,periodic,168.0000,5040
2188,periodic,168.0000,6048
2189,periodic,168.0000,16128
2190,periodic,168.0000,11088
2191,periodic,168.0000,24528
2192,periodic,168.0000,38640
2193,periodic,168.0000,11424
2194,periodic,168.0000,10080
2195,periodic,168.0000,8736
2196,periodic,168.0000,70224
2197,periodic,168.0000,5712
2198,periodic,168.0000,12768
2199,periodic,168.0000,5040
2200,periodic,168.0000,13440
2201,periodic,168.0000,9744
2202,periodic,168.0000,23856
2203,periodic,168.0000,12768
2204,periodic,168.0000,5040
2205,periodic,168.0000,13440
2206,periodic,168.0000,20496
2207,periodic,168.0000,48720
2208,periodic,168.0000,6048
2209,periodic,168.0000,68544
2210,periodic,168.0000,5376
2211,periodic,168.0000,8736
2212,periodic,168.0000,12768
2213,periodic,168.0000,9744
2214,periodic,168.0000,5040
2215,periodic,168.0000,5040
2216,periodic,168.0000,5040
2217,periodic,168.0000,22176
2218,periodic,168.0000,37968
2219,periodic,168.0000,5376
2220,periodic,168.0000,8736
2221,periodic,168.0000,29904
2222,periodic,168.0000,19824
2223,periodic,168.0000,9408
2224,periodic,168.0000,5040
2225,periodic,168.0000,12768
2226,periodic,168.0000,82320
2227,periodic,168.0000,85344
2228,periodic,168.0000,11088
2229,periodic,168.0000,40992
2230,periodic,168.0000,36624
2231,periodic,168.0000,32256
2232,periodic,168.0000,5040
2233,periodic,168.0000,5040
2234,periodic,168.0000,6720
2235,periodic,168.0000,16464
2236,periodic,168.0000,5040
2237,periodic,168.0000,11424
2238,periodic,168.0000,12432
2239,periodic,168.0000,6384
2240,periodic,168.0000,9072
2241,periodic,168.0000,5040
2242,periodic,168.0000,14448
2243,periodic,168.0000,5040
2244,periodic,168.0000,24864
2245,periodic,168.0000,34608
2246,periodic,168.0000,24864
2247,periodic,168.0000,37632
2248,periodic,168.0000,32256
2249,periodic,168.0000,5040
2250,periodic,168.0000,18144
2251,periodic,168.0000,12768
2252,periodic,168.0000,5040
2253,periodic,168.0000,16128
2254,periodic,168.0000,6048
2255,periodic,168.0000,10080
2256,periodic,168.0000,95088
2257,periodic,168.0000,6384
2258,periodic,168.0000,22176
2259,periodic,168.0000,28224
2260,periodic,168.0000,49392
2261,periodic,168.0000,7392
2262,periodic,168.0000,15456
2263,periodic,168.0000,5040
2264,periodic,168.0000,30240
2265,periodic,168.0000,6048
2266,periodic,168.0000,19152
2267,periodic,168.0000,6048
2268,periodic,168.0000,157920
2269,periodic,168.0000,14448
2270,periodic,168.0000,10080
2271,periodic,168.0000,5040
2272,periodic,168.0000,5040
2273,periodic,168.0000,27552
2274,periodic,168.0000,8064
2275,periodic,168.0000,25536
2276,periodic,168.0000,75264
2277,periodic,168.0000,52416
2278,periodic,168.0000,7392
2279,periodic,168.0000,6048
2280,periodic,168.0000,5040
2281,periodic,168.0000,20496
2282,periodic,168.0000,23856
2283,periodic,168.0000,19152
2284,periodic,168.0000,13440
2285,periodic,168.0000,5376
2286,periodic,168.0000,5040
2287,periodic,168.0000,6048
2288,periodic,168.0000,5040
2289,periodic,168.0000,5040
2290,periodic,168.0000,5040
2291,periodic,168.0000,36960
2292,periodic,168.0000,9072
2293,periodic,168.0000,5040
2294,periodic,168.0000,6720
2295,periodic,168.0000,15456
2296,periodic,168.0000,5712
2297,periodic,168.0000,5712
2298,periodic,168.0000,7728
2299,periodic,168.0000,7728
2300,periodic,168.0000,35952
2301,periodic,168.0000,24864
2302,periodic,168.0000,63168
2303,periodic,168.0000,9408
2304,periodic,168.0000,10752
2305,periodic,168.0000,35616
2306,periodic,168.0000,9072
2307,periodic,168.0000,5040
2308,periodic,168.0000,17472
2309,periodic,168.0000,5040
2310,periodic,168.0000,13440
2311,periodic,168.0000,7056
2312,periodic,168.0000,5712
2313,periodic,168.0000,7728
2314,periodic,168.0000,25872
2315,periodic,168.0000,30576
2316,periodic,168.0000,5040
2317,periodic,168.0000,19488
2318,periodic,168.0000,5712
2319,periodic,168.0000,49728
2320,periodic,168.0000,14784
2321,periodic,168.0000,10080
2322,periodic,168.0000,12096
2323,periodic,168.0000,5040
2324,periodic,168.0000,15120
2325,periodic,168.0000,47040
2326,periodic,168.0000,7392
2327,periodic,168.0000,5040
2328,periodic,168.0000,18480
2329,periodic,168.0000,5040
2330,periodic,168.0000,5040
2331,periodic,168.0000,35952
2332,periodic,168.0000,9744
2333,periodic,168.0000,18144
2334,periodic,168.0000,6720
2335,periodic,168.0000,19824
2336,periodic,168.0000,5040
2337,periodic,168.0000,5040
2338,periodic,168.0000,21840
2339,periodic,168.0000,8400
2340,periodic,168.0000,5040
2341,periodic,168.0000,21840
2342,periodic,168.0000,5040
2343,periodic,168.0000,61824
2344,periodic,168.0000,5376
2345,periodic,168.0000,8400
2346,periodic,168.0000,5040
2347,periodic,168.0000,8400
2348,periodic,168.0000,11760
2349,periodic,168.0000,5712
2350,periodic,168.0000,6048
2351,periodic,168.0000,24528
2352,periodic,168.0000,5040
2353,periodic,168.0000,147840
2354,periodic,168.0000,113232
2355,periodic,168.0000,5040
2356,periodic,168.0000,5040
2357,periodic,168.0000,7392
2358,periodic,168.0000,5040
2359,periodic,168.0000,5040
2360,periodic,168.0000,44352
2361,periodic,168.0000,5040
2362,periodic,168.0000,5376
2363,periodic,168.0000,5712
2364,periodic,168.0000,5040
2365,periodic,168.0000,5040
2366,periodic,168.0000,5040
2367,periodic,168.0000,7392
2368,periodic,168.0000,14448
2369,periodic,168.0000,5040
2370,periodic,168.0000,5040
2371,periodic,168.0000,5040
2372,periodic,168.0000,9744
2373,periodic,168.0000,38976
2374,periodic,168.0000,6720
2375,periodic,168.0000,50400
2376,periodic,168.0000,11088
2377,periodic,168.0000,5040
2378,periodic,168.0000,32592
2379,periodic,168.0000,5712
2380,periodic,168.0000,5040
2381,periodic,168.0000,5040
2382,periodic,168.0000,19152
2383,periodic,168.0000,5040
2384,periodic,168.0000,16128
2385,periodic,168.0000,8736
2386,periodic,168.0000,5040
2387,periodic,168.0000,155232
2388,periodic,168.0000,5040
2389,periodic,168.0000,5040
2390,periodic,168.0000,5040
2391,periodic,168.0000,7728
2392,periodic,168.0000,16128
2393,periodic,168.0000,16464
2394,periodic,168.0000,17472
2395,periodic,168.0000,7728
2396,periodic,168.0000,7728
2397,periodic,168.0000,20160
2398,periodic,168.0000,5040
2399,periodic,168.0000,10080
2400,periodic,168.0000,5040
2401,periodic,168.0000,5040
2402,periodic,168.0000,28560
2403,periodic,168.0000,6720
2404,periodic,168.0000,17808
2405,periodic,168.0000,5712
2406,periodic,168.0000,5040
2407,periodic,168.0000,6720
2408,periodic,168.0000,6384
2409,periodic,168.0000,23520
2410,periodic,168.0000,18816
2411,periodic,168.0000,5040
2412,periodic,168.0000,18816
2413,periodic,168.0000,5712
2414,periodic,168.0000,5040
2415,periodic,168.0000,15456
2416,periodic,168.0000,8064
2417,periodic,168.0000,5040
2418,periodic,168.0000,7728
2419,periodic,168.0000,6384
2420,periodic,168.0000,19488
2421,periodic,168.0000,5376
2422,periodic,168.0000,35280
2423,periodic,168.0000,16800
2424,periodic,168.0000,11760
2425,periodic,168.0000,5040
2426,periodic,168.0000,24528
2427,periodic,168.0000,7728
2428,periodic,168.0000,5040
2429,periodic,168.0000,23856
2430,periodic,168.0000,19152
2431,periodic,168.0000,7728
2432,periodic,168.0000,5040
2433,periodic,168.0000,10416
2434,periodic,168.0000,5376
2435,periodic,168.0000,13776
2436,periodic,168.0000,5040
2437,periodic,168.0000,45696
2438,periodic,168.0000,5040
2439,periodic,168.0000,34608
2440,periodic,168.0000,5040
2441,periodic,168.0000,50400
2442,periodic,168.0000,32592
2443,periodic,168.0000,5040
2444,periodic,168.0000,5040
2445,periodic,168.0000,9744
2446,periodic,168.0000,30240
2447,periodic,168.0000,15456
2448,periodic,168.0000,23856
2449,periodic,168.0000,25200
2450,periodic,168.0000,43344
2451,periodic,168.0000,19488
2452,periodic,168.0000,35616
2453,periodic,168.0000,5040
2454,periodic,168.0000,29904
2455,periodic,168.0000,31584
2456,periodic,168.0000,5376
2457,periodic,168.0000,19152
2458,periodic,168.0000,5040
2459,periodic,168.0000,10752
2460,periodic,168.0000,5040
2461,periodic,168.0000,25200
2462,periodic,168.0000,5040
2463,periodic,168.0000,5040
2464,periodic,168.0000,12768
2465,periodic,168.0000,6720
2466,periodic,168.0000,7392
2467,periodic,168.0000,17136
2468,periodic,168.0000,5040
2469,periodic,168.0000,26544
2470,periodic,168.0000,25200
2471,periodic,168.0000,5040
2472,periodic,168.0000,5040
2473,periodic,168.0000,18816
2474,periodic,168.0000,18816
2475,periodic,168.0000,17472
2476,periodic,168.0000,29568
2477,periodic,168.0000,12768
2478,periodic,168.0000,33600
2479,periodic,168.0000,5040
2480,periodic,168.0000,10416
2481,periodic,168.0000,5040
2482,periodic,168.0000,27216
2483,periodic,168.0000,5040
2484,periodic,168.0000,31920
2485,periodic,168.0000,34608
2486,periodic,168.0000,32592
2487,periodic,168.0000,38976
2488,periodic,168.0000,11424
2489,periodic,168.0000,12768
2490,periodic,168.0000,6384
2491,periodic,168.0000,26880
2492,periodic,168.0000,35952
2493,periodic,168.0000,5040
2494,periodic,168.0000,29232
2495,periodic,168.0000,5040
2496,periodic,168.0000,5712
2497,periodic,168.0000,8064
2498,periodic,168.0000,70560
2499,periodic,168.0000,36624
2500,periodic,168.0000,80640
2501,periodic,168.0000,5040
2502,periodic,168.0000,8736
2503,periodic,168.0000,10080
2504,periodic,168.0000,5040
2505,periodic,168.0000,6048
2506,periodic,168.0000,26880
2507,periodic,168.0000,19824
2508,periodic,168.0000,5040
2509,periodic,168.0000,5040
2510,periodic,168.0000,50736
2511,periodic,168.0000,15120
2512,periodic,168.0000,9408
2513,periodic,168.0000,12432
2514,periodic,168.0000,5040
2515,periodic,168.0000,43680
2516,periodic,168.0000,8064
2517,periodic,168.0000,5376
2518,periodic,168.0000,7728
2519,periodic,168.0000,5040
2520,periodic,168.0000,29568
2521,periodic,168.0000,47040
2522,periodic,168.0000,18144
2523,periodic,168.0000,53760
2524,periodic,168.0000,25536
2525,periodic,168.0000,5712
2526,periodic,168.0000,5376
2527,periodic,168.0000,5040
2528,periodic,168.0000,7056
2529,periodic,168.0000,5040
2530,periodic,168.0000,14448
2531,periodic,168.0000,7728
2532,periodic,168.0000,34272
2533,periodic,168.0000,7728
2534,periodic,168.0000,5040
2535,periodic,168.0000,12768
2536,periodic,168.0000,5040
2537,periodic,168.0000,5040
2538,periodic,168.0000,15792
2539,periodic,168.0000,5040
2540,periodic,168.0000,5040
2541,periodic,168.0000,10416
2542,periodic,168.0000,18144
2543,periodic,168.0000,7056
2544,periodic,168.0000,15792
2545,periodic,168.0000,8736
2546,periodic,168.0000,5040
2547,periodic,168.0000,21168
2548,periodic,168.0000,5040
2549,periodic,168.0000,9072
2550,periodic,168.0000,25872
2551,periodic,168.0000,5040
2552,periodic,168.0000,5040
2553,periodic,168.0000,48384
2554,periodic,168.0000,5040
2555,periodic,168.0000,10416
2556,periodic,168.0000,13104
2557,periodic,168.0000,9744
2558,periodic,168.0000,121632
2559,periodic,168.0000,5040
2560,periodic,168.0000,9072
2561,periodic,168.0000,5040
2562,periodic,168.0000,45024
2563,periodic,168.0000,5040
2564,periodic,168.0000,5040
2565,periodic,168.0000,5040
2566,periodic,168.0000,12768
2567,periodic,168.0000,26208
2568,periodic,168.0000,5712
2569,periodic,168.0000,5040
2570,periodic,168.0000,39984
2571,periodic,168.0000,5712
2572,periodic,168.0000,122304
2573,periodic,168.0000,5040
2574,periodic,168.0000,5712
2575,periodic,168.0000,12096
2576,periodic,168.0000,5376
2577,periodic,168.0000,26544
2578,periodic,168.0000,14784
2579,periodic,168.0000,5712
2580,periodic,168.0000,5040
2581,periodic,168.0000,5712
2582,periodic,168.0000,5040
2583,periodic,168.0000,5040
2584,periodic,168.0000,5040
2585,periodic,168.0000,33264
2586,periodic,168.0000,19152
2587,periodic,168.0000,11760
2588,periodic,168.0000,12432
2589,periodic,168.0000,5040
2590,periodic,168.0000,5376
2591,periodic,168.0000,5040
2592,periodic,168.0000,5040
2593,periodic,168.0000,9744
2594,periodic,168.0000,5040
2595,periodic,168.0000,26208
2596,periodic,168.0000,11424
2597,periodic,168.0000,9072
2598,periodic,168.0000,38976
2599,periodic,168.0000,6384
2600,periodic,168.0000,49056
2601,periodic,168.0000,10752
2602,periodic,168.0000,83328
2603,periodic,168.0000,5712
2604,periodic,168.0000,5040
2605,periodic,168.0000,11760
2606,periodic,168.0000,5040
2607,periodic,168.0000,8736
2608,periodic,168.0000,97440
2609,periodic,168.0000,8400
2610,periodic,168.0000,21840
2611,periodic,168.0000,5040
2612,periodic,168.0000,5040
2613,periodic,168.0000,8064
2614,periodic,168.0000,10416
2615,periodic,168.0000,9744
2616,periodic,168.0000,25872
2617,periodic,168.0000,5712
2618,periodic,168.0000,11760
2619,periodic,168.0000,5376
2620,periodic,168.0000,8400
2621,periodic,168.0000,5040
2622,periodic,168.0000,5040
2623,periodic,168.0000,10080
2624,periodic,168.0000,52416
2625,periodic,168.0000,44016
2626,periodic,168.0000,11088
2627,periodic,168.0000,5376
2628,periodic,168.0000,19152
2629,periodic,168.0000,5376
2630,periodic,168.0000,13776
2631,periodic,168.0000,5040
2632,periodic,168.0000,5040
2633,periodic,168.0000,5040
2634,periodic,168.0000,11088
2635,periodic,168.0000,5040
2636,periodic,168.0000,5040
2637,periodic,168.0000,8736
2638,periodic,168.0000,20160
2639,periodic,168.0000,5712
2640,periodic,168.0000,14448
2641,periodic,168.0000,42672
2642,periodic,168.0000,6048
2643,periodic,168.0000,30240
2644,periodic,168.0000,21840
2645,periodic,168.0000,10752
2646,periodic,168.0000,6048
2647,periodic,168.0000,14784
2648,periodic,168.0000,12768
2649,periodic,168.0000,36960
2650,periodic,168.0000,12432
2651,periodic,168.0000,261408
2652,periodic,168.0000,18816
2653,periodic,168.0000,5040
2654,periodic,168.0000,5040
2655,periodic,168.0000,5040
2656,periodic,168.0000,17472
2657,periodic,168.0000,5040
2658,periodic,168.0000,5040
2659,periodic,168.0000,13440
2660,periodic,168.0000,13440
2661,periodic,168.0000,5040
2662,periodic,168.0000,18816
2663,periodic,168.0000,8064
2664,periodic,168.0000,16464
2665,periodic,168.0000,18144
2666,periodic,168.0000,5040
2667,periodic,168.0000,13440
2668,periodic,168.0000,98448
2669,periodic,168.0000,8064
2670,periodic,168.0000,6048
2671,periodic,168.0000,9744
2672,periodic,168.0000,13776
2673,periodic,168.0000,22848
2674,periodic,168.0000,6384
2675,periodic,168.0000,14784
2676,periodic,168.0000,5040
2677,periodic,168.0000,8736
2678,periodic,168.0000,5040
2679,periodic,168.0000,5040
2680,periodic,168.0000,14112
2681,periodic,168.0000,5376
2682,periodic,168.0000,20160
2683,periodic,168.0000,11760
2684,periodic,168.0000,88368
2685,periodic,168.0000,5040
2686,periodic,168.0000,5040
2687,periodic,168.0000,19152
2688,periodic,168.0000,5040
2689,periodic,168.0000,19152
2690,periodic,168.0000,81984
2691,periodic,168.0000,5040
2692,periodic,168.0000,5040
2693,periodic,168.0000,24528
2694,periodic,168.0000,9072
2695,periodic,168.0000,31584
2696,periodic,168.0000,5040
2697,periodic,168.0000,5040
2698,periodic,168.0000,12768
2699,periodic,168.0000,39312
2700,periodic,168.0000,62496
2701,periodic,168.0000,16800
2702,periodic,168.0000,5040
2703,periodic,168.0000,5040
2704,periodic,168.0000,30912
2705,periodic,168.0000,5040
2706,periodic,168.0000,26544
2707,periodic,168.0000,14448
2708,periodic,168.0000,5040
2709,periodic,168.0000,24864
2710,periodic,168.0000,15456
2711,periodic,168.0000,65520
2712,periodic,168.0000,48048
2713,periodic,168.0000,20832
2714,periodic,168.0000,56448
2715,periodic,168.0000,21504
2716,periodic,168.0000,28224
2717,periodic,168.0000,5040
2718,periodic,168.0000,16464
2719,periodic,168.0000,7728
2720,periodic,168.0000,35280
2721,periodic,168.0000,5040
2722,periodic,168.0000,11424
2723,periodic,168.0000,23184
2724,periodic,168.0000,7392
2725,periodic,168.0000,5040
2726,periodic,168.0000,13104
2727,periodic,168.0000,5040
2728,periodic,168.0000,7728
2729,periodic,168.0000,21504
2730,periodic,168.0000,5040
2731,periodic,168.0000,42000
2732,periodic,168.0000,25536
2733,periodic,168.0000,5040
2734,periodic,168.0000,5040
2735,periodic,168.0000,5040
2736,periodic,168.0000,9072
2737,periodic,168.0000,37968
2738,periodic,168.0000,7056
2739,periodic,168.0000,6384
2740,periodic,168.0000,5040
2741,periodic,168.0000,120288
2742,periodic,168.0000,6384
2743,periodic,168.0000,23520
2744,periodic,168.0000,8400
2745,periodic,168.0000,5040
2746,periodic,168.0000,22512
2747,periodic,168.0000,5040
2748,periodic,168.0000,7728
2749,periodic,168.0000,5040
2750,periodic,168.0000,5040
2751,periodic,168.0000,18144
2752,periodic,168.0000,6048
2753,periodic,168.0000,37632
2754,periodic,168.0000,5040
2755,periodic,168.0000,11760
2756,periodic,168.0000,34608
2757,periodic,168.0000,20160
2758,periodic,168.0000,5040
2759,periodic,168.0000,8400
2760,periodic,168.0000,22848
2761,periodic,168.0000,19824
2762,periodic,168.0000,5040
2763,periodic,168.0000,28896
2764,periodic,168.0000,5040
2765,periodic,168.0000,11760
2766,periodic,168.0000,6384
2767,periodic,168.0000,19152
2768,periodic,168.0000,21504
2769,periodic,168.0000,5040
2770,periodic,168.0000,31584
2771,periodic,168.0000,29568
2772,periodic,168.0000,5376
2773,periodic,168.0000,52080
2774,periodic,168.0000,15456
2775,periodic,168.0000,6720
2776,periodic,168.0000,5040
2777,periodic,168.0000,11424
2778,periodic,168.0000,7056
2779,periodic,168.0000,15792
2780,periodic,168.0000,19488
2781,periodic,168.0000,30912
2782,periodic,168.0000,10080
2783,periodic,168.0000,15120
2784,periodic,168.0000,5040
2785,periodic,168.0000,10752
2786,periodic,168.0000,10416
2787,periodic,168.0000,22848
2788,periodic,168.0000,28224
2789,periodic,168.0000,15120
2790,periodic,168.0000,12768
2791,periodic,168.0000,10416
2792,periodic,168.0000,5040
2793,periodic,168.0000,8064
2794,periodic,168.0000,89376
2795,periodic,168.0000,5040
2796,periodic,168.0000,5376
2797,periodic,168.0000,15792
2798,periodic,168.0000,5040
2799,periodic,168.0000,17472
2800,periodic,168.0000,9408
2801,periodic,168.0000,8736
2802,periodic,168.0000,5712
2803,periodic,168.0000,16800
2804,periodic,168.0000,5040
2805,periodic,168.0000,7728
2806,periodic,168.0000,5040
2807,periodic,168.0000,16464
2808,periodic,168.0000,5040
2809,periodic,168.0000,7056
2810,periodic,168.0000,73584
2811,periodic,168.0000,5040
2812,periodic,168.0000,6720
2813,periodic,168.0000,5040
2814,periodic,168.0000,5040
2815,periodic,168.0000,15456
2816,periodic,168.0000,10752
2817,periodic,168.0000,5040
2818,periodic,168.0000,21504
2819,periodic,168.0000,5040
2820,periodic,168.0000,7392
2821,periodic,168.0000,5376
2822,periodic,168.0000,11760
2823,periodic,168.0000,7056
2824,periodic,168.0000,7728
2825,periodic,168.0000,5040
2826,periodic,168.0000,6048
2827,periodic,168.0000,5040
2828,periodic,168.0000,12096
2829,periodic,168.0000,24192
2830,periodic,168.0000,5040
2831,periodic,168.0000,15456
2832,periodic,168.0000,21504
2833,periodic,168.0000,10416
2834,periodic,168.0000,17472
2835,periodic,168.0000,6720
2836,periodic,168.0000,11088
2837,periodic,168.0000,21168
2838,periodic,168.0000,7392
2839,periodic,168.0000,18144
2840,periodic,168.0000,6048
2841,periodic,168.0000,7392
2842,periodic,168.0000,11424
2843,periodic,168.0000,5376
2844,periodic,168.0000,96768
2845,periodic,168.0000,8400
2846,periodic,168.0000,26880
2847,periodic,168.0000,5712
2848,periodic,168.0000,11424
2849,periodic,168.0000,5040
2850,periodic,168.0000,9408
2851,periodic,168.0000,5040
2852,periodic,168.0000,23856
2853,periodic,168.0000,42336
2854,periodic,168.0000,88368
2855,periodic,168.0000,5040
2856,periodic,168.0000,6048
2857,periodic,168.0000,7392
2858,periodic,168.0000,13440
2859,periodic,168.0000,6048
2860,periodic,168.0000,7056
2861,periodic,168.0000,5040
2862,periodic,168.0000,5040
2863,periodic,168.0000,59808
2864,periodic,168.0000,5376
2865,periodic,168.0000,5040
2866,periodic,168.0000,18480
2867,periodic,168.0000,16464
2868,periodic,168.0000,5040
2869,periodic,168.0000,5040
2870,periodic,168.0000,5040
2871,periodic,168.0000,12432
2872,periodic,168.0000,5040
2873,periodic,168.0000,5040
2874,periodic,168.0000,5040
2875,periodic,168.0000,5040
2876,periodic,168.0000,17136
2877,periodic,168.0000,5040
2878,periodic,168.0000,7728
2879,periodic,168.0000,5712
2880,periodic,168.0000,24528
2881,periodic,168.0000,5040
2882,periodic,168.0000,63840
2883,periodic,168.0000,12096
2884,periodic,168.0000,5040
2885,periodic,168.0000,13776
2886,periodic,168.0000,11760
2887,periodic,168.0000,10752
2888,periodic,168.0000,5040
2889,periodic,168.0000,13440
2890,periodic,168.0000,21504
2891,periodic,168.0000,10080
2892,periodic,168.0000,36960
2893,periodic,168.0000,40656
2894,periodic,168.0000,7728
2895,periodic,168.0000,25872
2896,periodic,168.0000,5040
2897,periodic,168.0000,9408
2898,periodic,168.0000,31584
2899,periodic,168.0000,9072
2900,periodic,168.0000,5712
2901,periodic,168.0000,14784
2902,periodic,168.0000,8400
2903,periodic,168.0000,8400
2904,periodic,168.0000,18144
2905,periodic,168.0000,12096
2906,periodic,168.0000,8064
2907,periodic,168.0000,5040
2908,periodic,168.0000,26880
2909,periodic,168.0000,10752
2910,periodic,168.0000,5040
2911,periodic,168.0000,5040
2912,periodic,168.0000,26880
2913,periodic,168.0000,5376
2914,periodic,168.0000,21840
2915,periodic,168.0000,21840
2916,periodic,168.0000,8064
2917,periodic,168.0000,8736
2918,periodic,168.0000,5040
2919,periodic,168.0000,12432
2920,periodic,168.0000,9408
2921,periodic,168.0000,5040
2922,periodic,168.0000,8736
2923,periodic,168.0000,5040
2924,periodic,168.0000,12768
2925,periodic,168.0000,7056
2926,periodic,168.0000,13440
2927,periodic,168.0000,7392
2928,periodic,168.0000,13440
2929,periodic,168.0000,14112
2930,periodic,168.0000,6048
2931,periodic,168.0000,8064
2932,periodic,168.0000,65184
2933,periodic,168.0000,9744
2934,periodic,168.0000,5040
2935,periodic,168.0000,5040
2936,periodic,168.0000,12096
2937,periodic,168.0000,14784
2938,periodic,168.0000,11424
2939,periodic,168.0000,22848
2940,periodic,168.0000,23184
2941,periodic,168.0000,38976
2942,periodic,168.0000,12768
2943,periodic,168.0000,20160
2944,periodic,168.0000,8736
2945,periodic,168.0000,5040
2946,periodic,168.0000,20160
2947,periodic,168.0000,31920
2948,periodic,168.0000,7392
2949,periodic,168.0000,5712
2950,periodic,168.0000,5376
2951,periodic,168.0000,7728
2952,periodic,168.0000,5040
2953,periodic,168.0000,21504
2954,periodic,168.0000,6720
2955,periodic,168.0000,36624
2956,periodic,168.0000,46032
2957,periodic,168.0000,56448
2958,periodic,168.0000,11088
2959,periodic,168.0000,35952
2960,periodic,168.0000,5712
2961,periodic,168.0000,12096
2962,periodic,168.0000,5040
2963,periodic,168.0000,5040
2964,periodic,168.0000,7728
2965,periodic,168.0000,40656
2966,periodic,168.0000,7056
2967,periodic,168.0000,8064
2968,periodic,168.0000,9744
2969,periodic,168.0000,5040
2970,periodic,168.0000,11760
2971,periodic,168.0000,86352
2972,periodic,168.0000,19488
2973,periodic,168.0000,9072
2974,periodic,168.0000,8400
2975,periodic,168.0000,9072
2976,periodic,168.0000,26544
2977,periodic,168.0000,9744
2978,periodic,168.0000,27216
2979,periodic,168.0000,5040
2980,periodic,168.0000,5040
2981,periodic,168.0000,8064
2982,periodic,168.0000,25200
2983,periodic,168.0000,11424
2984,periodic,168.0000,5712
2985,periodic,168.0000,5040
2986,periodic,168.0000,38976
2987,periodic,168.0000,9408
2988,periodic,168.0000,8400
2989,periodic,168.0000,15456
2990,periodic,168.0000,59808
2991,periodic,168.0000,5040
2992,periodic,168.0000,9744
2993,periodic,168.0000,26544
2994,periodic,168.0000,17136
2995,periodic,168.0000,6720
2996,periodic,168.0000,8736
2997,periodic,168.0000,6720
2998,periodic,168.0000,5040
2999,periodic,168.0000,5040
3000,periodic,168.0000,8736
3001,periodic,168.0000,33936
3002,periodic,168.0000,6384
3003,periodic,168.0000,11424
3004,periodic,168.0000,8736
3005,periodic,168.0000,8400
3006,periodic,168.0000,8400
3007,periodic,168.0000,26208
3008,periodic,168.0000,5040
3009,periodic,168.0000,21840
3010,periodic,168.0000,28896
3011,periodic,168.0000,12768
3012,periodic,168.0000,5040
3013,periodic,168.0000,9072
3014,periodic,168.0000,6048
3015,periodic,168.0000,5040
3016,periodic,168.0000,7392
3017,periodic,168.0000,9072
3018,periodic,168.0000,5376
3019,periodic,168.0000,5376
3020,periodic,168.0000,9072
3021,periodic,168.0000,6048
3022,periodic,168.0000,5040
3023,periodic,168.0000,13776
3024,periodic,168.0000,5040
3025,periodic,168.0000,5376
3026,periodic,168.0000,9408
3027,periodic,168.0000,7056
3028,periodic,168.0000,27888
3029,periodic,168.0000,33936
3030,periodic,168.0000,5040
3031,periodic,168.0000,23520
3032,periodic,168.0000,5040
3033,periodic,168.0000,14112
3034,periodic,168.0000,13104
3035,periodic,168.0000,14784
3036,periodic,168.0000,30576
3037,periodic,168.0000,22512
3038,periodic,168.0000,5040
3039,periodic,168.0000,68208
3040,periodic,168.0000,5040
3041,periodic,168.0000,5712
3042,periodic,168.0000,5040
3043,periodic,168.0000,6048
3044,periodic,168.0000,5040
3045,periodic,168.0000,9408
3046,periodic,168.0000,6048
3047,periodic,168.0000,6384
3048,periodic,168.0000,62832
3049,periodic,168.0000,5040
3050,periodic,168.0000,53760
3051,periodic,168.0000,48384
3052,periodic,168.0000,7056
3053,periodic,168.0000,6720
3054,periodic,168.0000,17136
3055,periodic,168.0000,5040
3056,periodic,168.0000,6720
3057,periodic,168.0000,8736
3058,periodic,168.0000,9072
3059,periodic,168.0000,5376
3060,periodic,168.0000,5040
3061,periodic,168.0000,6048
3062,periodic,168.0000,5376
3063,periodic,168.0000,5040
3064,periodic,168.0000,17808
3065,periodic,168.0000,5376
3066,periodic,168.0000,15792
3067,periodic,168.0000,43008
3068,periodic,168.0000,47040
3069,periodic,168.0000,6048
3070,periodic,168.0000,22512
3071,periodic,168.0000,38976
3072,periodic,168.0000,6384
3073,periodic,168.0000,6720
3074,periodic,168.0000,17136
3075,periodic,168.0000,11760
3076,periodic,168.0000,27216
3077,periodic,168.0000,5040
3078,periodic,168.0000,11088
3079,periodic,168.0000,5376
3080,periodic,168.0000,8400
3081,periodic,168.0000,10416
3082,periodic,168.0000,70224
3083,periodic,168.0000,53088
3084,periodic,168.0000,19824
3085,periodic,168.0000,11760
3086,periodic,168.0000,14784
3087,periodic,168.0000,36288
3088,periodic,168.0000,22512
3089,periodic,168.0000,5040
3090,periodic,168.0000,70560
3091,periodic,168.0000,5040
3092,periodic,168.0000,10080
3093,periodic,168.0000,6384
3094,periodic,168.0000,27888
3095,periodic,168.0000,5040
3096,periodic,168.0000,6048
3097,periodic,168.0000,8400
3098,periodic,168.0000,5376
3099,periodic,168.0000,13440
3100,periodic,168.0000,7392
3101,periodic,168.0000,5376
3102,periodic,168.0000,45360
3103,periodic,168.0000,16800
3104,periodic,168.0000,6384
3105,periodic,168.0000,15120
3106,periodic,168.0000,5040
3107,periodic,168.0000,12432
3108,periodic,168.0000,23184
3109,periodic,168.0000,5040
3110,periodic,168.0000,7392
3111,periodic,168.0000,28896
3112,periodic,168.0000,5040
3113,periodic,168.0000,13440
3114,periodic,168.0000,9408
3115,periodic,168.0000,18480
3116,periodic,168.0000,5040
3117,periodic,168.0000,20160
3118,periodic,168.0000,9744
3119,periodic,168.0000,48384
3120,periodic,168.0000,5712
3121,periodic,168.0000,73248
3122,periodic,168.0000,13776
3123,periodic,168.0000,5040
3124,periodic,168.0000,5040
3125,periodic,168.0000,8736
3126,periodic,168.0000,22512
3127,periodic,168.0000,5712
3128,periodic,168.0000,12096
3129,periodic,168.0000,14784
3130,periodic,168.0000,24192
3131,periodic,168.0000,11424
3132,periodic,168.0000,5040
3133,periodic,168.0000,10416
3134,periodic,168.0000,5712
3135,periodic,168.0000,12096
3136,periodic,168.0000,6048
3137,periodic,168.0000,7728
3138,periodic,168.0000,5040
3139,periodic,168.0000,9072
3140,periodic,168.0000,19488
3141,periodic,168.0000,43344
3142,periodic,168.0000,9744
3143,periodic,168.0000,36960
3144,periodic,168.0000,23184
3145,periodic,168.0000,14784
3146,periodic,168.0000,36624
3147,periodic,168.0000,5040
3148,periodic,168.0000,7056
3149,periodic,168.0000,13776
3150,periodic,168.0000,21504
3151,periodic,168.0000,8736
3152,periodic,168.0000,122976
3153,periodic,168.0000,20832
3154,periodic,168.0000,16128
3155,periodic,168.0000,5040
3156,periodic,168.0000,5040
3157,periodic,168.0000,6720
3158,periodic,168.0000,7056
3159,periodic,168.0000,10416
3160,periodic,168.0000,5040
3161,periodic,168.0000,5040
3162,periodic,168.0000,16128
3163,periodic,168.0000,12768
3164,periodic,168.0000,5040
3165,periodic,168.0000,7392
3166,periodic,168.0000,5040
3167,periodic,168.0000,5040
3168,periodic,168.0000,5040
3169,periodic,168.0000,28560
3170,periodic,168.0000,28560
3171,periodic,168.0000,7728
3172,periodic,168.0000,7056
3173,periodic,168.0000,9072
3174,periodic,168.0000,6384
3175,periodic,168.0000,13440
3176,periodic,168.0000,5040
3177,periodic,168.0000,5040
3178,periodic,168.0000,10080
3179,periodic,168.0000,12096
3180,periodic,168.0000,27888
3181,periodic,168.0000,5040
3182,periodic,168.0000,9408
3183,periodic,168.0000,5376
3184,periodic,168.0000,5040
3185,periodic,168.0000,5040
3186,periodic,168.0000,12096
3187,periodic,168.0000,15792
3188,periodic,168.0000,10752
3189,periodic,168.0000,12768
3190,periodic,168.0000,7056
3191,periodic,168.0000,12096
3192,periodic,168.0000,38976
3193,periodic,168.0000,8064
3194,periodic,168.0000,6048
3195,periodic,168.0000,7392
3196,periodic,168.0000,9744
3197,periodic,168.0000,16464
3198,periodic,168.0000,7392
3199,periodic,168.0000,46368
3200,periodic,168.0000,19488
3201,periodic,168.0000,55440
3202,periodic,168.0000,5040
3203,periodic,168.0000,5376
3204,periodic,168.0000,10752
3205,periodic,168.0000,23856
3206,periodic,168.0000,23184
3207,periodic,168.0000,5040
3208,periodic,168.0000,8064
3209,periodic,168.0000,19488
3210,periodic,168.0000,6384
3211,periodic,168.0000,8064
3212,periodic,168.0000,9408
3213,periodic,168.0000,8400
3214,periodic,168.0000,5712
3215,periodic,168.0000,6720
3216,periodic,168.0000,9072
3217,periodic,168.0000,25872
3218,periodic,168.0000,13440
3219,periodic,168.0000,22848
3220,periodic,168.0000,5040
3221,periodic,168.0000,18144
3222,periodic,168.0000,5040
3223,periodic,168.0000,5040
3224,periodic,168.0000,33264
3225,periodic,168.0000,28560
3226,periodic,168.0000,9072
3227,periodic,168.0000,5040
3228,periodic,168.0000,16128
3229,periodic,168.0000,12096
3230,periodic,168.0000,8064
3231,periodic,168.0000,19152
3232,periodic,168.0000,17136
3233,periodic,168.0000,5040
3234,periodic,168.0000,5040
3235,periodic,168.0000,5712
3236,periodic,168.0000,5376
3237,periodic,168.0000,5376
3238,periodic,168.0000,8064
3239,periodic,168.0000,10416
3240,periodic,168.0000,6720
3241,periodic,168.0000,5040
3242,periodic,168.0000,28224
3243,periodic,168.0000,20496
3244,periodic,168.0000,5376
3245,periodic,168.0000,5040
3246,periodic,168.0000,10080
3247,periodic,168.0000,5712
3248,periodic,168.0000,6048
3249,periodic,168.0000,9072
3250,periodic,168.0000,5040
3251,periodic,168.0000,14784
3252,periodic,168.0000,5040
3253,periodic,168.0000,31920
3254,periodic,168.0000,51744
3255,periodic,168.0000,5040
3256,periodic,168.0000,12432
3257,periodic,168.0000,9072
3258,periodic,168.0000,69552
3259,periodic,168.0000,7056
3260,periodic,168.0000,9072
3261,periodic,168.0000,5040
3262,periodic,168.0000,5040
3263,periodic,168.0000,5040
3264,periodic,168.0000,36624
3265,periodic,168.0000,17472
3266,periodic,168.0000,16464
3267,periodic,168.0000,23184
3268,periodic,168.0000,24192
3269,periodic,168.0000,7056
3270,periodic,168.0000,5040
3271,periodic,168.0000,6720
3272,periodic,168.0000,12432
3273,periodic,168.0000,10416
3274,periodic,168.0000,5040
3275,periodic,168.0000,54432
3276,periodic,168.0000,21840
3277,periodic,168.0000,17136
3278,periodic,168.0000,12096
3279,periodic,168.0000,48384
3280,periodic,168.0000,27888
3281,periodic,168.0000,10416
3282,periodic,168.0000,30240
3283,periodic,168.0000,5040
3284,periodic,168.0000,5040
3285,periodic,168.0000,23184
3286,periodic,168.0000,5712
3287,periodic,168.0000,12096
3288,periodic,168.0000,20160
3289,periodic,168.0000,5040
3290,periodic,168.0000,53088
3291,periodic,168.0000,9744
3292,periodic,168.0000,9408
3293,periodic,168.0000,12432
3294,periodic,168.0000,15456
3295,periodic,168.0000,5040
3296,periodic,168.0000,5040
3297,periodic,168.0000,23184
3298,periodic,168.0000,5376
3299,periodic,168.0000,5040
3300,periodic,168.0000,30576
3301,periodic,168.0000,9744
3302,periodic,168.0000,9744
3303,periodic,168.0000,5376
3304,periodic,168.0000,9744
3305,periodic,168.0000,18816
3306,periodic,168.0000,16800
3307,periodic,168.0000,10752
3308,periodic,168.0000,5712
3309,periodic,168.0000,24864
3310,periodic,168.0000,6048
3311,periodic,168.0000,48720
3312,periodic,168.0000,14448
3313,periodic,168.0000,16128
3314,periodic,168.0000,57120
3315,periodic,168.0000,5376
3316,periodic,168.0000,6384
3317,periodic,168.0000,5376
3318,periodic,168.0000,5040
3319,periodic,168.0000,5040
3320,periodic,168.0000,5040
3321,periodic,168.0000,5040
3322,periodic,168.0000,5040
3323,periodic,168.0000,9408
3324,periodic,168.0000,5712
3325,periodic,168.0000,10416
3326,periodic,168.0000,20160
3327,periodic,168.0000,5040
3328,periodic,168.0000,5040
3329,periodic,168.0000,7728
3330,periodic,168.0000,5040
3331,periodic,168.0000,8064
3332,periodic,168.0000,6048
3333,periodic,168.0000,13104
3334,periodic,168.0000,21168
3335,periodic,168.0000,9072
3336,periodic,168.0000,5040
3337,periodic,168.0000,15792
3338,periodic,168.0000,8064
3339,periodic,168.0000,26208
3340,periodic,168.0000,20496
3341,periodic,168.0000,20496
3342,periodic,168.0000,5040
3343,periodic,168.0000,11424
3344,periodic,168.0000,10416
3345,periodic,168.0000,5712
3346,periodic,168.0000,5040
3347,periodic,168.0000,66528
3348,periodic,168.0000,36624
3349,periodic,168.0000,5376
3350,periodic,168.0000,5040
3351,periodic,168.0000,5376
3352,periodic,168.0000,6720
3353,periodic,168.0000,82992
3354,periodic,168.0000,17808
3355,periodic,168.0000,5376
3356,periodic,168.0000,5040
3357,periodic,168.0000,84000
3358,periodic,168.0000,5040
3359,periodic,168.0000,8736
3360,periodic,168.0000,90048
3361,periodic,168.0000,8400
3362,periodic,168.0000,5376
3363,periodic,168.0000,5040
3364,periodic,168.0000,19488
3365,periodic,168.0000,46368
3366,periodic,168.0000,7728
3367,periodic,168.0000,28224
3368,periodic,168.0000,11424
3369,periodic,168.0000,14112
3370,periodic,168.0000,43344
3371,periodic,168.0000,5040
3372,periodic,168.0000,5376
3373,periodic,168.0000,5040
3374,periodic,168.0000,16464
3375,periodic,168.0000,48048
3376,periodic,168.0000,5040
3377,periodic,168.0000,49392
3378,periodic,168.0000,9744
3379,periodic,168.0000,7728
3380,periodic,168.0000,9072
3381,periodic,168.0000,46368
3382,periodic,168.0000,35952
3383,periodic,168.0000,5040
3384,periodic,168.0000,7056
3385,periodic,168.0000,9072
3386,periodic,168.0000,17136
3387,periodic,168.0000,5376
3388,periodic,168.0000,76272
3389,periodic,168.0000,5040
3390,periodic,168.0000,5040
3391,periodic,168.0000,5040
3392,periodic,168.0000,42672
3393,periodic,168.0000,5712
3394,periodic,168.0000,5040
3395,periodic,168.0000,13440
3396,periodic,168.0000,17808
3397,periodic,168.0000,29568
3398,periodic,168.0000,5712
3399,periodic,168.0000,29904
3400,periodic,168.0000,13440
3401,periodic,168.0000,31920
3402,periodic,168.0000,62160
3403,periodic,168.0000,19488
3404,periodic,168.0000,53088
3405,periodic,168.0000,18480
3406,periodic,168.0000,5040
3407,periodic,168.0000,5712
3408,periodic,168.0000,51408
3409,periodic,168.0000,5040
3410,periodic,168.0000,57456
3411,periodic,168.0000,5040
3412,periodic,168.0000,5040
3413,periodic,168.0000,5040
3414,periodic,168.0000,5712
3415,periodic,168.0000,6384
3416,periodic,168.0000,23520
3417,periodic,168.0000,5040
3418,periodic,168.0000,5712
3419,periodic,168.0000,5040
3420,periodic,168.0000,5040
3421,periodic,168.0000,19824
3422,periodic,168.0000,65520
3423,periodic,168.0000,5040
3424,periodic,168.0000,102480
3425,periodic,168.0000,115248
3426,periodic,168.0000,17808
3427,periodic,168.0000,9744
3428,periodic,168.0000,15792
3429,periodic,168.0000,5376
3430,periodic,168.0000,5040
3431,periodic,168.0000,22176
3432,periodic,168.0000,16128
3433,periodic,168.0000,20496
3434,periodic,168.0000,16128
3435,periodic,168.0000,14784
3436,periodic,168.0000,17472
3437,periodic,168.0000,5040
3438,periodic,168.0000,9744
3439,periodic,168.0000,12768
3440,periodic,168.0000,15120
3441,periodic,168.0000,5040
3442,periodic,168.0000,5040
3443,periodic,168.0000,6048
3444,periodic,168.0000,13440
3445,periodic,168.0000,5040
3446,periodic,168.0000,17472
3447,periodic,168.0000,5040
3448,periodic,168.0000,5040
3449,periodic,168.0000,5376
3450,periodic,168.0000,7728
3451,periodic,168.0000,8400
3452,periodic,168.0000,7728
3453,periodic,168.0000,5040
3454,periodic,168.0000,5712
3455,periodic,168.0000,39312
3456,periodic,168.0000,5040
3457,periodic,168.0000,7056
3458,periodic,168.0000,5040
3459,periodic,168.0000,8400
3460,periodic,168.0000,14448
3461,periodic,168.0000,5040
3462,periodic,168.0000,16464
3463,periodic,168.0000,5040
3464,periodic,168.0000,156240
3465,periodic,168.0000,15792
3466,periodic,168.0000,16464
3467,periodic,168.0000,6720
3468,periodic,168.0000,9072
3469,periodic,168.0000,9744
3470,periodic,168.0000,5040
3471,periodic,168.0000,15456
3472,periodic,168.0000,8064
3473,periodic,168.0000,35616
3474,periodic,168.0000,11424
3475,periodic,168.0000,10416
3476,periodic,168.0000,22848
3477,periodic,168.0000,24864
3478,periodic,168.0000,12096
3479,periodic,168.0000,10752
3480,periodic,168.0000,9072
3481,periodic,168.0000,21168
3482,periodic,168.0000,5376
3483,periodic,168.0000,5712
3484,periodic,168.0000,48720
3485,periodic,168.0000,5040
3486,periodic,168.0000,17472
3487,periodic,168.0000,7392
3488,periodic,168.0000,13776
3489,periodic,168.0000,6384
3490,periodic,168.0000,9408
3491,periodic,168.0000,6048
3492,periodic,168.0000,5040
3493,periodic,168.0000,140448
3494,periodic,168.0000,35952
3495,periodic,168.0000,6384
3496,periodic,168.0000,9408
3497,periodic,168.0000,8064
3498,periodic,168.0000,5040
3499,periodic,168.0000,5376
3500,periodic,168.0000,5040
3501,periodic,168.0000,7056
3502,periodic,168.0000,9744
3503,periodic,168.0000,5040
3504,periodic,168.0000,5040
3505,periodic,168.0000,6048
3506,periodic,168.0000,6720
3507,periodic,168.0000,41328
3508,periodic,168.0000,10080
3509,periodic,168.0000,36960
3510,periodic,168.0000,5040
3511,periodic,168.0000,5040
3512,periodic,168.0000,6048
3513,periodic,168.0000,5040
3514,periodic,168.0000,27888
3515,periodic,168.0000,13440
3516,periodic,168.0000,25536
3517,periodic,168.0000,5376
3518,periodic,168.0000,59472
3519,periodic,168.0000,25872
3520,periodic,168.0000,5712
3521,periodic,168.0000,5712
3522,periodic,168.0000,8400
3523,periodic,168.0000,5376
3524,periodic,168.0000,8400
3525,periodic,168.0000,14784
3526,periodic,168.0000,7392
3527,periodic,168.0000,5712
3528,periodic,168.0000,5040
3529,periodic,168.0000,5040
3530,periodic,168.0000,11424
3531,periodic,168.0000,19488
3532,periodic,168.0000,20160
3533,periodic,168.0000,5040
3534,periodic,168.0000,20496
3535,periodic,168.0000,13104
3536,periodic,168.0000,5040
3537,periodic,168.0000,17136
3538,periodic,168.0000,19488
3539,periodic,168.0000,7056
3540,periodic,168.0000,7056
3541,periodic,168.0000,30576
3542,periodic,168.0000,10752
3543,periodic,168.0000,5040
3544,periodic,168.0000,9408
3545,periodic,168.0000,5376
3546,periodic,168.0000,19152
3547,periodic,168.0000,16464
3548,periodic,168.0000,5040
3549,periodic,168.0000,16128
3550,periodic,168.0000,5040
3551,periodic,168.0000,5040
3552,periodic,168.0000,5040
3553,periodic,168.0000,6048
3554,periodic,168.0000,6384
3555,periodic,168.0000,5040
3556,periodic,168.0000,12096
3557,periodic,168.0000,19824
3558,periodic,168.0000,7392
3559,periodic,168.0000,13776
3560,periodic,168.0000,5040
3561,periodic,168.0000,5040
3562,periodic,168.0000,5040
3563,periodic,168.0000,13440
3564,periodic,168.0000,7056
3565,periodic,168.0000,11088
3566,periodic,168.0000,73584
3567,periodic,168.0000,12768
3568,periodic,168.0000,5040
3569,periodic,168.0000,34272
3570,periodic,168.0000,5040
3571,periodic,168.0000,15120
3572,periodic,168.0000,5376
3573,periodic,168.0000,7392
3574,periodic,168.0000,10080
3575,periodic,168.0000,5040
3576,periodic,168.0000,5040
3577,periodic,168.0000,6048
3578,periodic,168.0000,6048
3579,periodic,168.0000,5712
3580,periodic,168.0000,76944
3581,periodic,168.0000,5040
3582,periodic,168.0000,32256
3583,periodic,168.0000,6720
3584,periodic,168.0000,20496
3585,periodic,168.0000,70560
3586,periodic,168.0000,26880
3587,periodic,168.0000,5040
3588,periodic,168.0000,9408
3589,periodic,168.0000,35952
3590,periodic,168.0000,5040
3591,periodic,168.0000,7728
3592,periodic,168.0000,9072
3593,periodic,168.0000,7056
3594,periodic,168.0000,124656
3595,periodic,168.0000,5040
3596,periodic,168.0000,5040
3597,periodic,168.0000,23520
3598,periodic,168.0000,10080
3599,periodic,168.0000,23184
3600,periodic,168.0000,5040
3601,periodic,168.0000,48384
3602,periodic,168.0000,5040
3603,periodic,168.0000,8400
3604,periodic,168.0000,5040
3605,periodic,168.0000,18144
3606,periodic,168.0000,83664
3607,periodic,168.0000,12432
3608,periodic,168.0000,32928
3609,periodic,168.0000,5376
3610,periodic,168.0000,10080
3611,periodic,168.0000,7728
3612,periodic,168.0000,8400
3613,periodic,168.0000,11424
3614,periodic,168.0000,15120
3615,periodic,168.0000,13776
3616,periodic,168.0000,108192
3617,periodic,168.0000,5040
3618,periodic,168.0000,9744
3619,periodic,168.0000,5040
3620,periodic,168.0000,8736
3621,periodic,168.0000,22176
3622,periodic,168.0000,27552
3623,periodic,168.0000,5040
3624,periodic,168.0000,5040
3625,periodic,168.0000,29904
3626,periodic,168.0000,52752
3627,periodic,168.0000,5040
3628,periodic,168.0000,6384
3629,periodic,168.0000,5040
3630,periodic,168.0000,5376
3631,periodic,168.0000,5712
3632,periodic,168.0000,38976
3633,periodic,168.0000,5040
3634,periodic,168.0000,5040
3635,periodic,168.0000,5376
3636,periodic,168.0000,5040
3637,periodic,168.0000,5040
3638,periodic,168.0000,13776
3639,periodic,168.0000,8064
3640,periodic,168.0000,5040
3641,periodic,168.0000,5040
3642,periodic,168.0000,9072
3643,periodic,168.0000,51072
3644,periodic,168.0000,30576
3645,periodic,168.0000,6048
3646,periodic,168.0000,5040
3647,periodic,168.0000,6048
3648,periodic,168.0000,81984
3649,periodic,168.0000,5040
3650,periodic,168.0000,56448
3651,periodic,168.0000,8064
3652,periodic,168.0000,5040
3653,periodic,168.0000,5040
3654,periodic,168.0000,12096
3655,periodic,168.0000,22176
3656,periodic,168.0000,17136
3657,periodic,168.0000,10416
3658,periodic,168.0000,10416
3659,periodic,168.0000,5712
3660,periodic,168.0000,5040
3661,periodic,168.0000,9408
3662,periodic,168.0000,38640
3663,periodic,168.0000,6384
3664,periodic,168.0000,9408
3665,periodic,168.0000,8064
3666,periodic,168.0000,6384
3667,periodic,168.0000,12096
3668,periodic,168.0000,66192
3669,periodic,168.0000,38640
3670,periodic,168.0000,5040
3671,periodic,168.0000,36624
3672,periodic,168.0000,66528
3673,periodic,168.0000,41328
3674,periodic,168.0000,14448
3675,periodic,168.0000,6384
3676,periodic,168.0000,65520
3677,periodic,168.0000,6720
3678,periodic,168.0000,46032
3679,periodic,168.0000,12432
3680,periodic,168.0000,5040
3681,periodic,168.0000,81984
3682,periodic,168.0000,14112
3683,periodic,168.0000,7728
3684,periodic,168.0000,35952
3685,periodic,168.0000,5040
3686,periodic,168.0000,94080
3687,periodic,168.0000,26544
3688,periodic,168.0000,5040
3689,periodic,168.0000,7392
3690,periodic,168.0000,5712
3691,periodic,168.0000,5376
3692,periodic,168.0000,5376
3693,periodic,168.0000,5040
3694,periodic,168.0000,5712
3695,periodic,168.0000,5040
3696,periodic,168.0000,5040
3697,periodic,168.0000,7056
3698,periodic,168.0000,5040
3699,periodic,168.0000,5040
3700,periodic,168.0000,14784
3701,periodic,168.0000,15456
3702,periodic,168.0000,13440
3703,periodic,168.0000,5040
3704,periodic,168.0000,5040
3705,periodic,168.0000,51408
3706,periodic,168.0000,5376
3707,periodic,168.0000,59136
3708,periodic,168.0000,37632
3709,periodic,168.0000,10080
3710,periodic,168.0000,6720
3711,periodic,168.0000,25872
3712,periodic,168.0000,5040
3713,periodic,168.0000,6048
3714,periodic,168.0000,7728
3715,periodic,168.0000,5040
3716,periodic,168.0000,31248
3717,periodic,168.0000,5376
3718,periodic,168.0000,10752
3719,periodic,168.0000,13104
3720,periodic,168.0000,16464
3721,periodic,168.0000,5040
3722,periodic,168.0000,5040
3723,periodic,168.0000,5040
3724,periodic,168.0000,9072
3725,periodic,168.0000,5040
3726,periodic,168.0000,49392
3727,periodic,168.0000,5040
3728,periodic,168.0000,30240
3729,periodic,168.0000,16128
3730,periodic,168.0000,12768
3731,periodic,168.0000,5040
3732,periodic,168.0000,8400
3733,periodic,168.0000,9072
3734,periodic,168.0000,23856
3735,periodic,168.0000,5040
3736,periodic,168.0000,10416
3737,periodic,168.0000,9072
3738,periodic,168.0000,54432
3739,periodic,168.0000,26208
3740,periodic,168.0000,10080
3741,periodic,168.0000,55104
3742,periodic,168.0000,5712
3743,periodic,168.0000,5712
3744,periodic,168.0000,5376
3745,periodic,168.0000,21168
3746,periodic,168.0000,7392
3747,periodic,168.0000,23856
3748,periodic,168.0000,9744
3749,periodic,168.0000,37968
3750,periodic,168.0000,7056
3751,periodic,168.0000,42000
3752,periodic,168.0000,9408
3753,periodic,168.0000,5040
3754,periodic,168.0000,13776
3755,periodic,168.0000,29904
3756,periodic,168.0000,5040
3757,periodic,168.0000,7056
3758,periodic,168.0000,41664
3759,periodic,168.0000,8064
3760,periodic,168.0000,5040
3761,periodic,168.0000,65184
3762,periodic,168.0000,5040
3763,periodic,168.0000,5040
3764,periodic,168.0000,26208
3765,periodic,168.0000,5040
3766,periodic,168.0000,17808
3767,periodic,168.0000,39648
3768,periodic,168.0000,26208
3769,periodic,168.0000,5712
3770,periodic,168.0000,12432
3771,periodic,168.0000,75264
3772,periodic,168.0000,6720
3773,periodic,168.0000,5376
3774,periodic,168.0000,12432
3775,periodic,168.0000,18144
3776,periodic,168.0000,20496
3777,periodic,168.0000,25200
3778,periodic,168.0000,5040
3779,periodic,168.0000,5040
3780,periodic,168.0000,10080
3781,periodic,168.0000,6384
3782,periodic,168.0000,5040
3783,periodic,168.0000,57456
3784,periodic,168.0000,7392
3785,periodic,168.0000,25200
3786,periodic,168.0000,8064
3787,periodic,168.0000,5040
3788,periodic,168.0000,5040
3789,periodic,168.0000,43008
3790,periodic,168.0000,8736
3791,periodic,168.0000,5712
3792,periodic,168.0000,15456
3793,periodic,168.0000,19824
3794,periodic,168.0000,27216
3795,periodic,168.0000,5040
3796,periodic,168.0000,25536
3797,periodic,168.0000,18144
3798,periodic,168.0000,5040
3799,periodic,168.0000,10080
3800,periodic,168.0000,14448
3801,periodic,168.0000,5040
3802,periodic,168.0000,6384
3803,periodic,168.0000,5040
3804,periodic,168.0000,22848
3805,periodic,168.0000,5040
3806,periodic,168.0000,9072
3807,periodic,168.0000,8736
3808,periodic,168.0000,5712
3809,periodic,168.0000,25536
3810,periodic,168.0000,5040
3811,periodic,168.0000,5712
3812,periodic,168.0000,5040
3813,periodic,168.0000,15456
3814,periodic,168.0000,5040
3815,periodic,168.0000,103152
3816,periodic,168.0000,92736
3817,periodic,168.0000,7056
3818,periodic,168.0000,5040
3819,periodic,168.0000,9072
3820,periodic,168.0000,40992
3821,periodic,168.0000,13440
3822,periodic,168.0000,7392
3823,periodic,168.0000,19152
3824,periodic,168.0000,5040
3825,periodic,168.0000,5040
3826,periodic,168.0000,16800
3827,periodic,168.0000,25872
3828,periodic,168.0000,5040
3829,periodic,168.0000,5040
3830,periodic,168.0000,5376
3831,periodic,168.0000,10080
3832,periodic,168.0000,5376
3833,periodic,168.0000,11760
3834,periodic,168.0000,6384
3835,periodic,168.0000,22848
3836,periodic,168.0000,5040
3837,periodic,168.0000,5040
3838,periodic,168.0000,10080
3839,periodic,168.0000,8736
3840,periodic,168.0000,5040
3841,periodic,168.0000,5040
3842,periodic,168.0000,5712
3843,periodic,168.0000,5040
3844,periodic,168.0000,15120
3845,periodic,168.0000,9744
3846,periodic,168.0000,77952
3847,periodic,168.0000,16464
3848,periodic,168.0000,5376
3849,periodic,168.0000,5040
3850,periodic,168.0000,22848
3851,periodic,168.0000,73920
3852,periodic,168.0000,29568
3853,periodic,168.0000,42000
3854,periodic,168.0000,5040
3855,periodic,168.0000,5040
3856,periodic,168.0000,37296
3857,periodic,168.0000,6720
3858,periodic,168.0000,5040
3859,periodic,168.0000,10080
3860,periodic,168.0000,5712
3861,periodic,168.0000,5712
3862,periodic,168.0000,15792
3863,periodic,168.0000,24528
3864,periodic,168.0000,13104
3865,periodic,168.0000,10416
3866,periodic,168.0000,10416
3867,periodic,168.0000,32592
3868,periodic,168.0000,50736
3869,periodic,168.0000,5040
3870,periodic,168.0000,55776
3871,periodic,168.0000,8064
3872,periodic,168.0000,35952
3873,periodic,168.0000,5040
3874,periodic,168.0000,5040
3875,periodic,168.0000,13104
3876,periodic,168.0000,5040
3877,periodic,168.0000,6048
3878,periodic,168.0000,69552
3879,periodic,168.0000,5712
3880,periodic,168.0000,12432
3881,periodic,168.0000,60480
3882,periodic,168.0000,40992
3883,periodic,168.0000,29904
3884,periodic,168.0000,5040
3885,periodic,168.0000,5712
3886,periodic,168.0000,5040
3887,periodic,168.0000,39648
3888,periodic,168.0000,5040
3889,periodic,168.0000,5040
3890,periodic,168.0000,35616
3891,periodic,168.0000,15120
3892,periodic,168.0000,5040
3893,periodic,168.0000,5712
3894,periodic,168.0000,20160
3895,periodic,168.0000,15456
3896,periodic,168.0000,6048
3897,periodic,168.0000,5040
3898,periodic,168.0000,8736
3899,periodic,168.0000,30912
3900,periodic,168.0000,6720
3901,periodic,168.0000,96768
3902,periodic,168.0000,7728
3903,periodic,168.0000,40992
3904,periodic,168.0000,10416
3905,periodic,168.0000,16464
3906,periodic,168.0000,18480
3907,periodic,168.0000,5376
3908,periodic,168.0000,8400
3909,periodic,168.0000,11088
3910,periodic,168.0000,6720
3911,periodic,168.0000,33936
3912,periodic,168.0000,15792
3913,periodic,168.0000,26208
3914,periodic,168.0000,5040
3915,periodic,168.0000,18144
3916,periodic,168.0000,5040
3917,periodic,168.0000,5040
3918,periodic,168.0000,18480
3919,periodic,168.0000,5040
3920,periodic,168.0000,111216
3921,periodic,168.0000,14784
3922,periodic,168.0000,10752
3923,periodic,168.0000,7392
3924,periodic,168.0000,5376
3925,periodic,168.0000,8736
3926,periodic,168.0000,5040
3927,periodic,168.0000,5040
3928,periodic,168.0000,5040
3929,periodic,168.0000,5040
3930,periodic,168.0000,5040
3931,periodic,168.0000,5040
3932,periodic,168.0000,9072
3933,periodic,168.0000,79296
3934,periodic,168.0000,24528
3935,periodic,168.0000,9072
3936,periodic,168.0000,5376
3937,periodic,168.0000,6048
3938,periodic,168.0000,43008
3939,periodic,168.0000,6720
3940,periodic,168.0000,32592
3941,periodic,168.0000,6048
3942,periodic,168.0000,7056
3943,periodic,168.0000,12096
3944,periodic,168.0000,5040
3945,periodic,168.0000,5376
3946,periodic,168.0000,5712
3947,periodic,168.0000,6384
3948,periodic,168.0000,6048
3949,periodic,168.0000,5040
3950,periodic,168.0000,5040
3951,periodic,168.0000,7056
3952,periodic,168.0000,5040
3953,periodic,168.0000,5040
3954,periodic,168.0000,5712
3955,periodic,168.0000,9072
3956,periodic,168.0000,15456
3957,periodic,168.0000,23520
3958,periodic,168.0000,32256
3959,periodic,168.0000,20832
3960,periodic,168.0000,5376
3961,periodic,168.0000,22176
3962,periodic,168.0000,9072
3963,periodic,168.0000,5040
3964,periodic,168.0000,19488
3965,periodic,168.0000,15456
3966,periodic,168.0000,5040
3967,periodic,168.0000,24528
3968,periodic,168.0000,5376
3969,periodic,168.0000,19152
3970,periodic,168.0000,47376
3971,periodic,168.0000,52416
3972,periodic,168.0000,6048
3973,periodic,168.0000,10752
3974,periodic,168.0000,5040
3975,periodic,168.0000,17808
3976,periodic,168.0000,5376
3977,periodic,168.0000,23184
3978,periodic,168.0000,19152
3979,periodic,168.0000,13776
3980,periodic,168.0000,31248
3981,periodic,168.0000,12768
3982,periodic,168.0000,16128
3983,periodic,168.0000,9408
3984,periodic,168.0000,8736
3985,periodic,168.0000,7056
3986,periodic,168.0000,11424
3987,periodic,168.0000,5040
3988,periodic,168.0000,6720
3989,periodic,168.0000,5040
3990,periodic,168.0000,6048
3991,periodic,168.0000,9072
3992,periodic,168.0000,82320
3993,periodic,168.0000,42000
3994,periodic,168.0000,9744
3995,periodic,168.0000,5040
3996,periodic,168.0000,5040
3997,periodic,168.0000,54096
3998,periodic,168.0000,5040
3999,periodic,168.0000,5040
4000,periodic,168.0000,8064
4001,periodic,168.0000,15456
4002,periodic,168.0000,6048
4003,periodic,168.0000,6384
4004,periodic,168.0000,21504
4005,periodic,168.0000,7728
4006,periodic,168.0000,5040
4007,periodic,168.0000,24528
4008,periodic,168.0000,22512
4009,periodic,168.0000,87696
4010,periodic,168.0000,23184
4011,periodic,168.0000,7392
4012,periodic,168.0000,21840
4013,periodic,168.0000,9744
4014,periodic,168.0000,22512
4015,periodic,168.0000,6384
4016,periodic,168.0000,5376
4017,periodic,168.0000,20160
4018,periodic,168.0000,6048
4019,periodic,168.0000,22848
4020,periodic,168.0000,9072
4021,periodic,168.0000,101808
4022,periodic,168.0000,10080
4023,periodic,168.0000,5040
4024,periodic,168.0000,29904
4025,periodic,168.0000,5376
4026,periodic,168.0000,22512
4027,periodic,168.0000,16128
4028,periodic,168.0000,9744
4029,periodic,168.0000,25872
4030,periodic,168.0000,25872
4031,periodic,168.0000,5040
4032,periodic,168.0000,5040
4033,periodic,168.0000,7728
4034,periodic,168.0000,22848
4035,periodic,168.0000,5040
4036,periodic,168.0000,5040
4037,periodic,168.0000,18144
4038,periodic,168.0000,5040
4039,periodic,168.0000,10752
4040,periodic,168.0000,6048
4041,periodic,168.0000,41328
4042,periodic,168.0000,15120
4043,periodic,168.0000,5712
4044,periodic,168.0000,9072
4045,periodic,168.0000,20160
4046,periodic,168.0000,106176
4047,periodic,168.0000,36288
4048,periodic,168.0000,5040
4049,periodic,168.0000,5040
4050,periodic,168.0000,24864
4051,periodic,168.0000,5040
4052,periodic,168.0000,47376
4053,periodic,168.0000,109872
4054,periodic,168.0000,12096
4055,periodic,168.0000,8400
4056,periodic,168.0000,12768
4057,periodic,168.0000,6720
4058,periodic,168.0000,14784
4059,periodic,168.0000,6384
4060,periodic,168.0000,7728
4061,periodic,168.0000,5712
4062,periodic,168.0000,5040
4063,periodic,168.0000,5040
4064,periodic,168.0000,14112
4065,periodic,168.0000,12096
4066,periodic,168.0000,6720
4067,periodic,168.0000,5040
4068,periodic,168.0000,22176
4069,periodic,168.0000,5040
4070,periodic,168.0000,20496
4071,periodic,168.0000,5040
4072,periodic,168.0000,5712
4073,periodic,168.0000,5040
4074,periodic,168.0000,86688
4075,periodic,168.0000,7392
4076,periodic,168.0000,5040
4077,periodic,168.0000,28560
4078,periodic,168.0000,5040
4079,periodic,168.0000,7728
4080,periodic,168.0000,7056
4081,periodic,168.0000,19488
4082,periodic,168.0000,5040
4083,periodic,168.0000,13104
4084,periodic,168.0000,5040
4085,periodic,168.0000,7392
4086,periodic,168.0000,5040
4087,periodic,168.0000,5712
4088,periodic,168.0000,5040
4089,periodic,168.0000,5376
4090,periodic,168.0000,8400
4091,periodic,168.0000,12432
4092,periodic,168.0000,16800
4093,periodic,168.0000,5040
4094,periodic,168.0000,49056
4095,periodic,168.0000,25536
4096,periodic,168.0000,5040
4097,periodic,168.0000,5712
4098,periodic,168.0000,5040
4099,periodic,168.0000,5040
4100,periodic,168.0000,11424
4101,periodic,168.0000,5040
4102,periodic,168.0000,22512
4103,periodic,168.0000,7392
4104,periodic,168.0000,5376
4105,periodic,168.0000,45696
4106,periodic,168.0000,5712
4107,periodic,168.0000,69888
4108,periodic,168.0000,5712
4109,periodic,168.0000,45696
4110,periodic,168.0000,25200
4111,periodic,168.0000,5040
4112,periodic,168.0000,13104
4113,periodic,168.0000,5040
4114,periodic,168.0000,16800
4115,periodic,168.0000,5040
4116,periodic,168.0000,10080
4117,periodic,168.0000,5040
4118,periodic,168.0000,6048
4119,periodic,168.0000,6384
4120,periodic,168.0000,5712
4121,periodic,168.0000,5040
4122,periodic,168.0000,27888
4123,periodic,168.0000,7056
4124,periodic,168.0000,46032
4125,periodic,168.0000,12768
4126,periodic,168.0000,58800
4127,periodic,168.0000,5040
4128,periodic,168.0000,5040
4129,periodic,168.0000,19824
4130,periodic,168.0000,6048
4131,periodic,168.0000,8736
4132,periodic,168.0000,5712
4133,periodic,168.0000,12768
4134,periodic,168.0000,8736
4135,periodic,168.0000,9072
4136,periodic,168.0000,7056
4137,periodic,168.0000,63168
4138,periodic,168.0000,8064
4139,periodic,168.0000,5040
4140,periodic,168.0000,6720
4141,periodic,168.0000,7728
4142,periodic,168.0000,53760
4143,periodic,168.0000,5376
4144,periodic,168.0000,6384
4145,periodic,168.0000,5712
4146,periodic,168.0000,16800
4147,periodic,168.0000,44016
4148,periodic,168.0000,5712
4149,periodic,168.0000,5040
4150,periodic,168.0000,7728
4151,periodic,168.0000,23184
4152,periodic,168.0000,5040
4153,periodic,168.0000,9072
4154,periodic,168.0000,6048
4155,periodic,168.0000,18144
4156,periodic,168.0000,5040
4157,periodic,168.0000,39648
4158,periodic,168.0000,5712
4159,periodic,168.0000,5040
4160,periodic,168.0000,23856
4161,periodic,168.0000,5040
4162,periodic,168.0000,7392
4163,periodic,168.0000,7392
4164,periodic,168.0000,5040
4165,periodic,168.0000,5040
4166,periodic,168.0000,5040
4167,periodic,168.0000,7728
4168,periodic,168.0000,5040
4169,periodic,168.0000,5040
4170,periodic,168.0000,9408
4171,periodic,168.0000,34608
4172,periodic,168.0000,14448
4173,periodic,168.0000,15456
4174,periodic,168.0000,21504
4175,periodic,168.0000,33936
4176,periodic,168.0000,14112
4177,periodic,168.0000,10416
4178,periodic,168.0000,5376
4179,periodic,168.0000,11424
4180,periodic,168.0000,5040
4181,periodic,168.0000,5376
4182,periodic,168.0000,106512
4183,periodic,168.0000,7728
4184,periodic,168.0000,10752
4185,periodic,168.0000,14448
4186,periodic,168.0000,14112
4187,periodic,168.0000,44688
4188,periodic,168.0000,67200
4189,periodic,168.0000,8400
4190,periodic,168.0000,50064
4191,periodic,168.0000,6048
4192,periodic,168.0000,18816
4193,periodic,168.0000,6720
4194,periodic,168.0000,8064
4195,periodic,168.0000,5040
4196,periodic,168.0000,31920
4197,periodic,168.0000,5040
4198,periodic,168.0000,7728
4199,periodic,168.0000,134736
4200,periodic,168.0000,5040
4201,periodic,168.0000,11760
4202,periodic,168.0000,6048
4203,periodic,168.0000,5040
4204,periodic,168.0000,38640
4205,periodic,168.0000,5040
4206,periodic,168.0000,5712
4207,periodic,168.0000,9744
4208,periodic,168.0000,5040
4209,periodic,168.0000,24528
4210,periodic,168.0000,5040
4211,periodic,168.0000,6384
4212,periodic,168.0000,9072
4213,periodic,168.0000,15120
4214,periodic,168.0000,53088
4215,periodic,168.0000,19824
4216,periodic,168.0000,8064
4217,periodic,168.0000,7728
4218,periodic,168.0000,5040
4219,periodic,168.0000,5040
4220,periodic,168.0000,10080
4221,periodic,168.0000,5040
4222,periodic,168.0000,5040
4223,periodic,168.0000,5040
4224,periodic,168.0000,5040
4225,periodic,168.0000,6720
4226,periodic,168.0000,5040
4227,periodic,168.0000,24192
4228,periodic,168.0000,5040
4229,periodic,168.0000,6720
4230,periodic,168.0000,11760
4231,periodic,168.0000,5040
4232,periodic,168.0000,5040
4233,periodic,168.0000,5040
4234,periodic,168.0000,5040
4235,periodic,168.0000,9408
4236,periodic,168.0000,16464
4237,periodic,168.0000,5040
4238,periodic,168.0000,6384
4239,periodic,168.0000,25200
4240,periodic,168.0000,5712
4241,periodic,168.0000,43680
4242,periodic,168.0000,5040
4243,periodic,168.0000,5040
4244,periodic,168.0000,6384
4245,periodic,168.0000,8736
4246,periodic,168.0000,32256
4247,periodic,168.0000,11088
4248,periodic,168.0000,5040
4249,periodic,168.0000,11424
4250,periodic,168.0000,5040
4251,periodic,168.0000,5040
4252,periodic,168.0000,29904
4253,periodic,168.0000,68880
4254,periodic,168.0000,40992
4255,periodic,168.0000,5040
4256,periodic,168.0000,7728
4257,periodic,168.0000,5040
4258,periodic,168.0000,14112
4259,periodic,168.0000,10752
4260,periodic,168.0000,14784
4261,periodic,168.0000,15456
4262,periodic,168.0000,5040
4263,periodic,168.0000,10080
4264,periodic,168.0000,19488
4265,periodic,168.0000,6048
4266,periodic,168.0000,5040
4267,periodic,168.0000,7056
4268,periodic,168.0000,13776
4269,periodic,168.0000,5040
4270,periodic,168.0000,11424
4271,periodic,168.0000,5040
4272,periodic,168.0000,14784
4273,periodic,168.0000,27216
4274,periodic,168.0000,8736
4275,periodic,168.0000,5040
4276,periodic,168.0000,5040
4277,periodic,168.0000,20496
4278,periodic,168.0000,14448
4279,periodic,168.0000,8736
4280,periodic,168.0000,15792
4281,periodic,168.0000,5376
4282,periodic,168.0000,6720
4283,periodic,168.0000,12432
4284,periodic,168.0000,11088
4285,periodic,168.0000,8064
4286,periodic,168.0000,8064
4287,periodic,168.0000,5040
4288,periodic,168.0000,57120
4289,periodic,168.0000,28224
4290,periodic,168.0000,6048
4291,periodic,168.0000,21840
4292,periodic,168.0000,5040
4293,periodic,168.0000,5040
4294,periodic,168.0000,25200
4295,periodic,168.0000,5040
4296,periodic,168.0000,5376
4297,periodic,168.0000,8064
4298,periodic,168.0000,18816
4299,periodic,168.0000,12432
4300,periodic,168.0000,20160
4301,periodic,168.0000,5712
4302,periodic,168.0000,11760
4303,periodic,168.0000,32592
4304,periodic,168.0000,12432
4305,periodic,168.0000,5040
4306,periodic,168.0000,5040
4307,periodic,168.0000,12096
4308,periodic,168.0000,12768
4309,periodic,168.0000,14112
4310,periodic,168.0000,7728
4311,periodic,168.0000,5040
4312,periodic,168.0000,7728
4313,periodic,168.0000,16128
4314,periodic,168.0000,12096
4315,periodic,168.0000,51072
4316,periodic,168.0000,28560
4317,periodic,168.0000,5040
4318,periodic,168.0000,10080
4319,periodic,168.0000,6720
4320,periodic,168.0000,60480
4321,periodic,168.0000,13104
4322,periodic,168.0000,12432
4323,periodic,168.0000,5040
4324,periodic,168.0000,9744
4325,periodic,168.0000,18816
4326,periodic,168.0000,42672
4327,periodic,168.0000,5712
4328,periodic,168.0000,7728
4329,periodic,168.0000,56112
4330,periodic,168.0000,27552
4331,periodic,168.0000,8736
4332,periodic,168.0000,5376
4333,periodic,168.0000,11088
4334,periodic,168.0000,9072
4335,periodic,168.0000,5712
4336,periodic,168.0000,35280
4337,periodic,168.0000,17136
4338,periodic,168.0000,5040
4339,periodic,168.0000,11760
4340,periodic,168.0000,12096
4341,periodic,168.0000,7728
4342,periodic,168.0000,6384
4343,periodic,168.0000,27552
4344,periodic,168.0000,17472
4345,periodic,168.0000,5040
4346,periodic,168.0000,5040
4347,periodic,168.0000,27216
4348,periodic,168.0000,26544
4349,periodic,168.0000,21168
4350,periodic,168.0000,15120
4351,periodic,168.0000,5040
4352,periodic,168.0000,22176
4353,periodic,168.0000,5040
4354,periodic,168.0000,23856
4355,periodic,168.0000,5376
4356,periodic,168.0000,5712
4357,periodic,168.0000,5040
4358,periodic,168.0000,5376
4359,periodic,168.0000,10080
4360,periodic,168.0000,5040
4361,periodic,168.0000,5040
4362,periodic,168.0000,7392
4363,periodic,168.0000,13776
4364,periodic,168.0000,7728
4365,periodic,168.0000,10416
4366,periodic,168.0000,6048
4367,periodic,168.0000,5712
4368,periodic,168.0000,19152
4369,periodic,168.0000,50064
4370,periodic,168.0000,6384
4371,periodic,168.0000,5040
4372,periodic,168.0000,5040
4373,periodic,168.0000,12096
4374,periodic,168.0000,5040
4375,periodic,168.0000,37296
4376,periodic,168.0000,28224
4377,periodic,168.0000,5376
4378,periodic,168.0000,5712
4379,periodic,168.0000,6720
4380,periodic,168.0000,5712
4381,periodic,168.0000,6384
4382,periodic,168.0000,13776
4383,periodic,168.0000,5040
4384,periodic,168.0000,8736
4385,periodic,168.0000,5040
4386,periodic,168.0000,24528
4387,periodic,168.0000,6048
4388,periodic,168.0000,5040
4389,periodic,168.0000,5376
4390,periodic,168.0000,5712
4391,periodic,168.0000,28224
4392,periodic,168.0000,30912
4393,periodic,168.0000,8400
4394,periodic,168.0000,30912
4395,periodic,168.0000,18480
4396,periodic,168.0000,53088
4397,periodic,168.0000,5040
4398,periodic,168.0000,8736
4399,periodic,168.0000,12768
4400,periodic,168.0000,45360
4401,periodic,168.0000,19488
4402,periodic,168.0000,5040
4403,periodic,168.0000,59136
4404,periodic,168.0000,30912
4405,periodic,168.0000,8736
4406,periodic,168.0000,8736
4407,periodic,168.0000,53088
4408,periodic,168.0000,5040
4409,periodic,168.0000,19152
4410,periodic,168.0000,5040
4411,periodic,168.0000,5040
4412,periodic,168.0000,5040
4413,periodic,168.0000,5040
4414,periodic,168.0000,10752
4415,periodic,168.0000,5040
4416,periodic,168.0000,5040
4417,periodic,168.0000,9744
4418,periodic,168.0000,5712
4419,periodic,168.0000,5040
4420,periodic,168.0000,9072
4421,periodic,168.0000,13440
4422,periodic,168.0000,11088
4423,periodic,168.0000,5040
4424,periodic,168.0000,5040
4425,periodic,168.0000,5040
4426,periodic,168.0000,128016
4427,periodic,168.0000,9408
4428,periodic,168.0000,6720
4429,periodic,168.0000,10416
4430,periodic,168.0000,5040
4431,periodic,168.0000,9744
4432,periodic,168.0000,31920
4433,periodic,168.0000,29232
4434,periodic,168.0000,10752
4435,periodic,168.0000,5040
4436,periodic,168.0000,11424
4437,periodic,168.0000,9072
4438,periodic,168.0000,67200
4439,periodic,168.0000,15792
4440,periodic,168.0000,33936
4441,periodic,168.0000,5040
4442,periodic,168.0000,12096
4443,periodic,168.0000,23184
4444,periodic,168.0000,5040
4445,periodic,168.0000,22176
4446,periodic,168.0000,50064
4447,periodic,168.0000,25536
4448,periodic,168.0000,14448
4449,periodic,168.0000,5040
4450,periodic,168.0000,27552
4451,periodic,168.0000,11424
4452,periodic,168.0000,7392
4453,periodic,168.0000,5712
4454,periodic,168.0000,6720
4455,periodic,168.0000,13776
4456,periodic,168.0000,5040
4457,periodic,168.0000,5040
4458,periodic,168.0000,17472
4459,periodic,168.0000,5040
4460,periodic,168.0000,5376
4461,periodic,168.0000,20160
4462,periodic,168.0000,5040
4463,periodic,168.0000,101808
4464,periodic,168.0000,8736
4465,periodic,168.0000,28896
4466,periodic,168.0000,5040
4467,periodic,168.0000,5040
4468,periodic,168.0000,5040
4469,periodic,168.0000,10752
4470,periodic,168.0000,15792
4471,periodic,168.0000,28560
4472,periodic,168.0000,6720
4473,periodic,168.0000,9744
4474,periodic,168.0000,15792
4475,periodic,168.0000,86352
4476,periodic,168.0000,18816
4477,periodic,168.0000,10416
4478,periodic,168.0000,7392
4479,periodic,168.0000,6384
4480,periodic,168.0000,5040
4481,periodic,168.0000,8064
4482,periodic,168.0000,5040
4483,periodic,168.0000,10416
4484,periodic,168.0000,36624
4485,periodic,168.0000,19824
4486,periodic,168.0000,9072
4487,periodic,168.0000,10416
4488,periodic,168.0000,6048
4489,periodic,168.0000,5712
4490,periodic,168.0000,5040
4491,periodic,168.0000,9072
4492,periodic,168.0000,6048
4493,periodic,168.0000,8400
4494,periodic,168.0000,5040
4495,periodic,168.0000,5376
4496,periodic,168.0000,17472
4497,periodic,168.0000,19824
4498,periodic,168.0000,20832
4499,periodic,168.0000,10080
4500,periodic,168.0000,16464
4501,periodic,168.0000,7056
4502,periodic,168.0000,5040
4503,periodic,168.0000,20160
4504,periodic,168.0000,26880
4505,periodic,168.0000,30912
4506,periodic,168.0000,5040
4507,periodic,168.0000,10080
4508,periodic,168.0000,5040
4509,periodic,168.0000,5040
4510,periodic,168.0000,8064
4511,periodic,168.0000,20832
4512,periodic,168.0000,52416
4513,periodic,168.0000,5376
4514,periodic,168.0000,5040
4515,periodic,168.0000,9072
4516,periodic,168.0000,6384
4517,periodic,168.0000,37968
4518,periodic,168.0000,5376
4519,periodic,168.0000,34272
4520,periodic,168.0000,21840
4521,periodic,168.0000,55776
4522,periodic,168.0000,5040
4523,periodic,168.0000,10080
4524,periodic,168.0000,7728
4525,periodic,168.0000,6048
4526,periodic,168.0000,21168
4527,periodic,168.0000,8064
4528,periodic,168.0000,5040
4529,periodic,168.0000,13104
4530,periodic,168.0000,5040
4531,periodic,168.0000,48048
4532,periodic,168.0000,14112
4533,periodic,168.0000,9408
4534,periodic,168.0000,39312
4535,periodic,168.0000,20160
4536,periodic,168.0000,5040
4537,periodic,168.0000,52752
4538,periodic,168.0000,5040
4539,periodic,168.0000,6384
4540,periodic,168.0000,5040
4541,periodic,168.0000,5040
4542,periodic,168.0000,17808
4543,periodic,168.0000,5040
4544,periodic,168.0000,7056
4545,periodic,168.0000,6720
4546,periodic,168.0000,20496
4547,periodic,168.0000,5040
4548,periodic,168.0000,14112
4549,periodic,168.0000,6048
4550,periodic,168.0000,8736
4551,periodic,168.0000,11424
4552,periodic,168.0000,5040
4553,periodic,168.0000,11088
4554,periodic,168.0000,29232
4555,periodic,168.0000,5040
4556,periodic,168.0000,5040
4557,periodic,168.0000,15120
4558,periodic,168.0000,9408
4559,periodic,168.0000,13104
4560,periodic,168.0000,41328
4561,periodic,168.0000,42336
4562,periodic,168.0000,53760
4563,periodic,168.0000,49728
4564,periodic,168.0000,6048
4565,periodic,168.0000,5040
4566,periodic,168.0000,5040
4567,periodic,168.0000,43008
4568,periodic,168.0000,5376
4569,periodic,168.0000,10416
4570,periodic,168.0000,23184
4571,periodic,168.0000,39648
4572,periodic,168.0000,5040
4573,periodic,168.0000,8400
4574,periodic,168.0000,7392
4575,periodic,168.0000,5712
4576,periodic,168.0000,39312
4577,periodic,168.0000,29904
4578,periodic,168.0000,65184
4579,periodic,168.0000,28560
4580,periodic,168.0000,5712
4581,periodic,168.0000,31584
4582,periodic,168.0000,25536
4583,periodic,168.0000,5040
4584,periodic,168.0000,5040
4585,periodic,168.0000,7392
4586,periodic,168.0000,9408
4587,periodic,168.0000,5376
4588,periodic,168.0000,5040
4589,periodic,168.0000,54768
4590,periodic,168.0000,36624
4591,periodic,168.0000,24864
4592,periodic,168.0000,5040
4593,periodic,168.0000,5040
4594,periodic,168.0000,19824
4595,periodic,168.0000,5040
4596,periodic,168.0000,21504
4597,periodic,168.0000,26544
4598,periodic,168.0000,8736
4599,periodic,168.0000,45024
4600,periodic,168.0000,5040
4601,periodic,168.0000,8064
4602,periodic,168.0000,5040
4603,periodic,168.0000,7728
4604,periodic,168.0000,20496
4605,periodic,168.0000,13104
4606,periodic,168.0000,5040
4607,periodic,168.0000,6048
4608,periodic,168.0000,35280
4609,periodic,168.0000,8400
4610,periodic,168.0000,8064
4611,periodic,168.0000,42000
4612,periodic,168.0000,54768
4613,periodic,168.0000,17472
4614,periodic,168.0000,5040
4615,periodic,168.0000,55104
4616,periodic,168.0000,5376
4617,periodic,168.0000,7056
4618,periodic,168.0000,16128
4619,periodic,168.0000,12432
4620,periodic,168.0000,5040
4621,periodic,168.0000,12432
4622,periodic,168.0000,5040
4623,periodic,168.0000,24192
4624,periodic,168.0000,15792
4625,periodic,168.0000,5040
4626,periodic,168.0000,5040
4627,periodic,168.0000,5376
4628,periodic,168.0000,10416
4629,periodic,168.0000,9072
4630,periodic,168.0000,20832
4631,periodic,168.0000,5376
4632,periodic,168.0000,5040
4633,periodic,168.0000,11088
4634,periodic,168.0000,15120
4635,periodic,168.0000,5040
4636,periodic,168.0000,6384
4637,periodic,168.0000,47712
4638,periodic,168.0000,27888
4639,periodic,168.0000,24528
4640,periodic,168.0000,5040
4641,periodic,168.0000,27552
4642,periodic,168.0000,7728
4643,periodic,168.0000,71232
4644,periodic,168.0000,5376
4645,periodic,168.0000,5040
4646,periodic,168.0000,5040
4647,periodic,168.0000,39648
4648,periodic,168.0000,5040
4649,periodic,168.0000,73248
4650,periodic,168.0000,5040
4651,periodic,168.0000,6384
4652,periodic,168.0000,5040
4653,periodic,168.0000,15792
4654,periodic,168.0000,5040
4655,periodic,168.0000,5040
4656,periodic,168.0000,8064
4657,periodic,168.0000,10080
4658,periodic,168.0000,5040
4659,periodic,168.0000,5040
4660,periodic,168.0000,15456
4661,periodic,168.0000,7056
4662,periodic,168.0000,8400
4663,periodic,168.0000,5040
4664,periodic,168.0000,23856
4665,periodic,168.0000,12768
4666,periodic,168.0000,15120
4667,periodic,168.0000,25872
4668,periodic,168.0000,31584
4669,periodic,168.0000,14112
4670,periodic,168.0000,9744
4671,periodic,168.0000,5040
4672,periodic,168.0000,5712
4673,periodic,168.0000,5040
4674,periodic,168.0000,21168
4675,periodic,168.0000,7392
4676,periodic,168.0000,5040
4677,periodic,168.0000,26880
4678,periodic,168.0000,5040
4679,periodic,168.0000,5040
4680,periodic,168.0000,8736
4681,periodic,168.0000,7056
4682,periodic,168.0000,5040
4683,periodic,168.0000,5376
4684,periodic,168.0000,47040
4685,periodic,168.0000,6384
4686,periodic,168.0000,5040
4687,periodic,168.0000,5040
4688,periodic,168.0000,23184
4689,periodic,168.0000,6720
4690,periodic,168.0000,5040
4691,periodic,168.0000,30240
4692,periodic,168.0000,25536
4693,periodic,168.0000,10416
4694,periodic,168.0000,5040
4695,periodic,168.0000,16464
4696,periodic,168.0000,8064
4697,periodic,168.0000,6720
4698,periodic,168.0000,7728
4699,periodic,168.0000,9408
4700,periodic,168.0000,8736
4701,periodic,168.0000,26544
4702,periodic,168.0000,13440
4703,periodic,168.0000,5040
4704,periodic,168.0000,15456
4705,periodic,168.0000,21504
4706,periodic,168.0000,5040
4707,periodic,168.0000,5040
4708,periodic,168.0000,6720
4709,periodic,168.0000,26208
4710,periodic,168.0000,25536
4711,periodic,168.0000,9072
4712,periodic,168.0000,49392
4713,periodic,168.0000,7056
4714,periodic,168.0000,5040
4715,periodic,168.0000,30576
4716,periodic,168.0000,6048
4717,periodic,168.0000,5040
4718,periodic,168.0000,28896
4719,periodic,168.0000,49728
4720,periodic,168.0000,10752
4721,periodic,168.0000,5712
4722,periodic,168.0000,6720
4723,periodic,168.0000,27216
4724,periodic,168.0000,39648
4725,periodic,168.0000,5040
4726,periodic,168.0000,5040
4727,periodic,168.0000,5376
4728,periodic,168.0000,5376
4729,periodic,168.0000,20160
4730,periodic,168.0000,5712
4731,periodic,168.0000,62496
4732,periodic,168.0000,5040
4733,periodic,168.0000,11424
4734,periodic,168.0000,7056
4735,periodic,168.0000,56112
4736,periodic,168.0000,17472
4737,periodic,168.0000,16128
4738,periodic,168.0000,52416
4739,periodic,168.0000,25536
4740,periodic,168.0000,24192
4741,periodic,168.0000,14112
4742,periodic,168.0000,15792
4743,periodic,168.0000,13776
4744,periodic,168.0000,5376
4745,periodic,168.0000,5712
4746,periodic,168.0000,14112
4747,periodic,168.0000,6720
4748,periodic,168.0000,18480
4749,periodic,168.0000,32256
4750,periodic,168.0000,37632
4751,periodic,168.0000,10080
4752,periodic,168.0000,5712
4753,periodic,168.0000,6384
4754,periodic,168.0000,5040
4755,periodic,168.0000,5040
4756,periodic,168.0000,67536
4757,periodic,168.0000,6384
4758,periodic,168.0000,5040
4759,periodic,168.0000,20160
4760,periodic,168.0000,5040
4761,periodic,168.0000,5040
4762,periodic,168.0000,5040
4763,periodic,168.0000,160608
4764,periodic,168.0000,8736
4765,periodic,168.0000,5040
4766,periodic,168.0000,5712
4767,periodic,168.0000,50736
4768,periodic,168.0000,61824
4769,periodic,168.0000,48048
4770,periodic,168.0000,76608
4771,periodic,168.0000,7728
4772,periodic,168.0000,7056
4773,periodic,168.0000,32256
4774,periodic,168.0000,10416
4775,periodic,168.0000,5040
4776,periodic,168.0000,7056
4777,periodic,168.0000,21840
4778,periodic,168.0000,9072
4779,periodic,168.0000,20160
4780,periodic,168.0000,12432
4781,periodic,168.0000,13104
4782,periodic,168.0000,9072
4783,periodic,168.0000,5040
4784,periodic,168.0000,6384
4785,periodic,168.0000,36960
4786,periodic,168.0000,12768
4787,periodic,168.0000,5712
4788,periodic,168.0000,17136
4789,periodic,168.0000,5040
4790,periodic,168.0000,5040
4791,periodic,168.0000,6048
4792,periodic,168.0000,5040
4793,periodic,168.0000,5040
4794,periodic,168.0000,5040
4795,periodic,168.0000,90048
4796,periodic,168.0000,17136
4797,periodic,168.0000,10752
4798,periodic,168.0000,22512
4799,periodic,168.0000,24528
4800,periodic,168.0000,21168
4801,periodic,168.0000,25200
4802,periodic,168.0000,92400
4803,periodic,168.0000,25872
4804,periodic,168.0000,5040
4805,periodic,168.0000,5040
4806,periodic,168.0000,5040
4807,periodic,168.0000,13440
4808,periodic,168.0000,5040
4809,periodic,168.0000,28224
4810,periodic,168.0000,17136
4811,periodic,168.0000,5040
4812,periodic,168.0000,5040
4813,periodic,168.0000,13776
4814,periodic,168.0000,5040
4815,periodic,168.0000,10080
4816,periodic,168.0000,55776
4817,periodic,168.0000,5376
4818,periodic,168.0000,5040
4819,periodic,168.0000,6720
4820,periodic,168.0000,5712
4821,periodic,168.0000,40992
4822,periodic,168.0000,9744
4823,periodic,168.0000,5040
4824,periodic,168.0000,10416
4825,periodic,168.0000,5040
4826,periodic,168.0000,9744
4827,periodic,168.0000,8064
4828,periodic,168.0000,11088
4829,periodic,168.0000,11088
4830,periodic,168.0000,5040
4831,periodic,168.0000,16128
4832,periodic,168.0000,7056
4833,periodic,168.0000,30912
4834,periodic,168.0000,22176
4835,periodic,168.0000,5040
4836,periodic,168.0000,6720
4837,periodic,168.0000,5040
4838,periodic,168.0000,10080
4839,periodic,168.0000,14784
4840,periodic,168.0000,5040
4841,periodic,168.0000,22848
4842,periodic,168.0000,5040
4843,periodic,168.0000,5040
4844,periodic,168.0000,8400
4845,periodic,168.0000,14784
4846,periodic,168.0000,35952
4847,periodic,168.0000,5712
4848,periodic,168.0000,8064
4849,periodic,168.0000,5376
4850,periodic,168.0000,88368
4851,periodic,168.0000,7056
4852,periodic,168.0000,29232
4853,periodic,168.0000,7728
4854,periodic,168.0000,60144
4855,periodic,168.0000,11424
4856,periodic,168.0000,14112
4857,periodic,168.0000,10080
4858,periodic,168.0000,15792
4859,periodic,168.0000,5040
4860,periodic,168.0000,5040
4861,periodic,168.0000,14784
4862,periodic,168.0000,5040
4863,periodic,168.0000,5040
4864,periodic,168.0000,21840
4865,periodic,168.0000,5040
4866,periodic,168.0000,5376
4867,periodic,168.0000,23520
4868,periodic,168.0000,9408
4869,periodic,168.0000,23184
4870,periodic,168.0000,44688
4871,periodic,168.0000,48384
4872,periodic,168.0000,5040
4873,periodic,168.0000,5040
4874,periodic,168.0000,5712
4875,periodic,168.0000,24192
4876,periodic,168.0000,10080
4877,periodic,168.0000,12768
4878,periodic,168.0000,8064
4879,periodic,168.0000,5040
4880,periodic,168.0000,10080
4881,periodic,168.0000,12768
4882,periodic,168.0000,12432
4883,periodic,168.0000,5040
4884,periodic,168.0000,6048
4885,periodic,168.0000,20832
4886,periodic,168.0000,13776
4887,periodic,168.0000,23520
4888,periodic,168.0000,7392
4889,periodic,168.0000,19488
4890,periodic,168.0000,9744
4891,periodic,168.0000,5712
4892,periodic,168.0000,11760
4893,periodic,168.0000,5040
4894,periodic,168.0000,6048
4895,periodic,168.0000,64512
4896,periodic,168.0000,5040
4897,periodic,168.0000,5376
4898,periodic,168.0000,5040
4899,periodic,168.0000,25872
4900,periodic,168.0000,31584
4901,periodic,168.0000,12096
4902,periodic,168.0000,135408
4903,periodic,168.0000,9072
4904,periodic,168.0000,11424
4905,periodic,168.0000,25200
4906,periodic,168.0000,6720
4907,periodic,168.0000,37296
4908,periodic,168.0000,25200
4909,periodic,168.0000,27552
4910,periodic,168.0000,5040
4911,periodic,168.0000,29232
4912,periodic,168.0000,5040
4913,periodic,168.0000,67200
4914,periodic,168.0000,66192
4915,periodic,168.0000,9744
4916,periodic,168.0000,6384
4917,periodic,168.0000,8400
4918,periodic,168.0000,22176
4919,periodic,168.0000,7392
4920,periodic,168.0000,19824
4921,periodic,168.0000,17808
4922,periodic,168.0000,5040
4923,periodic,168.0000,5040
4924,periodic,168.0000,17472
4925,periodic,168.0000,5040
4926,periodic,168.0000,5040
4927,periodic,168.0000,5040
4928,periodic,168.0000,61488
4929,periodic,168.0000,5040
4930,periodic,168.0000,67536
4931,periodic,168.0000,61488
4932,periodic,168.0000,37296
4933,periodic,168.0000,5040
4934,periodic,168.0000,5040
4935,periodic,168.0000,5040
4936,periodic,168.0000,22176
4937,periodic,168.0000,27216
4938,periodic,168.0000,35616
4939,periodic,168.0000,5040
4940,periodic,168.0000,13104
4941,periodic,168.0000,7392
4942,periodic,168.0000,25872
4943,periodic,168.0000,5040
4944,periodic,168.0000,8736
4945,periodic,168.0000,8736
4946,periodic,168.0000,11424
4947,periodic,168.0000,11760
4948,periodic,168.0000,12768
4949,periodic,168.0000,5040
4950,periodic,168.0000,9408
4951,periodic,168.0000,5040
4952,periodic,168.0000,5040
4953,periodic,168.0000,5376
4954,periodic,168.0000,11088
4955,periodic,168.0000,5040
4956,periodic,168.0000,5040
4957,periodic,168.0000,50400
4958,periodic,168.0000,17472
4959,periodic,168.0000,44016
4960,periodic,168.0000,20496
4961,periodic,168.0000,5040
4962,periodic,168.0000,10416
4963,periodic,168.0000,5040
4964,periodic,168.0000,6720
4965,periodic,168.0000,7728
4966,periodic,168.0000,11424
4967,periodic,168.0000,5040
4968,periodic,168.0000,11424
4969,periodic,168.0000,5040
4970,periodic,168.0000,9408
4971,periodic,168.0000,37296
4972,periodic,168.0000,5040
4973,periodic,168.0000,5040
4974,periodic,168.0000,9408
4975,periodic,168.0000,5040
4976,periodic,168.0000,9408
4977,periodic,168.0000,5040
4978,periodic,168.0000,24528
4979,periodic,168.0000,8400
4980,periodic,168.0000,16464
4981,periodic,168.0000,15792
4982,periodic,168.0000,7392
4983,periodic,168.0000,5376
4984,periodic,168.0000,25536
4985,periodic,168.0000,5040
4986,periodic,168.0000,5040
4987,periodic,168.0000,5040
4988,periodic,168.0000,5040
4989,periodic,168.0000,5712
4990,periodic,168.0000,70224
4991,periodic,168.0000,5040
4992,periodic,168.0000,10416
4993,periodic,168.0000,94416
4994,periodic,168.0000,7392
4995,periodic,168.0000,5040
4996,periodic,168.0000,19152
4997,periodic,168.0000,45024
4998,periodic,168.0000,28224
4999,periodic,168.0000,7392
5000,periodic,168.0000,9408
5001,periodic,168.0000,25200
5002,periodic,168.0000,14784
5003,periodic,168.0000,14784
5004,periodic,168.0000,5040
5005,periodic,168.0000,5040
5006,periodic,168.0000,11760
5007,periodic,168.0000,7392
5008,periodic,168.0000,5040
5009,periodic,168.0000,6384
5010,periodic,168.0000,7392
5011,periodic,168.0000,5040
5012,periodic,168.0000,114912
5013,periodic,168.0000,6720
5014,periodic,168.0000,92064
5015,periodic,168.0000,5040
5016,periodic,168.0000,22848
5017,periodic,168.0000,5040
5018,periodic,168.0000,23856
5019,periodic,168.0000,15456
5020,periodic,168.0000,16800
5021,periodic,168.0000,14112
5022,periodic,168.0000,24192
5023,periodic,168.0000,5712
5024,periodic,168.0000,5376
5025,periodic,168.0000,18144
5026,periodic,168.0000,11424
5027,periodic,168.0000,48720
5028,periodic,168.0000,5040
5029,periodic,168.0000,5040
5030,periodic,168.0000,5040
5031,periodic,168.0000,5040
5032,periodic,168.0000,13104
5033,periodic,168.0000,5040
5034,periodic,168.0000,29568
5035,periodic,168.0000,5040
5036,periodic,168.0000,17472
5037,periodic,168.0000,5712
5038,periodic,168.0000,10080
5039,periodic,168.0000,5040
5040,periodic,168.0000,35952
5041,periodic,168.0000,5712
5042,periodic,168.0000,5040
5043,periodic,168.0000,10416
5044,periodic,168.0000,13104
5045,periodic,168.0000,55440
5046,periodic,168.0000,9744
5047,periodic,168.0000,6384
5048,periodic,168.0000,14448
5049,periodic,168.0000,12432
5050,periodic,168.0000,5040
5051,periodic,168.0000,9072
5052,periodic,168.0000,5040
5053,periodic,168.0000,93744
5054,periodic,168.0000,9072
5055,periodic,168.0000,28560
5056,periodic,168.0000,6384
5057,periodic,168.0000,13776
5058,periodic,168.0000,8064
5059,periodic,168.0000,29568
5060,periodic,168.0000,11760
5061,periodic,168.0000,14448
5062,periodic,168.0000,40656
5063,periodic,168.0000,5040
5064,periodic,168.0000,5040
5065,periodic,168.0000,5712
5066,periodic,168.0000,11088
5067,periodic,168.0000,29232
5068,periodic,168.0000,6384
5069,periodic,168.0000,5712
5070,periodic,168.0000,5040
5071,periodic,168.0000,27552
5072,periodic,168.0000,11424
5073,periodic,168.0000,39648
5074,periodic,168.0000,31920
5075,periodic,168.0000,19152
5076,periodic,168.0000,5376
5077,periodic,168.0000,5040
5078,periodic,168.0000,5040
5079,periodic,168.0000,13440
5080,periodic,168.0000,93408
5081,periodic,168.0000,31584
5082,periodic,168.0000,17472
5083,periodic,168.0000,11088
5084,periodic,168.0000,18144
5085,periodic,168.0000,9072
5086,periodic,168.0000,6048
5087,periodic,168.0000,5040
5088,periodic,168.0000,14784
5089,periodic,168.0000,13440
5090,periodic,168.0000,8400
5091,periodic,168.0000,25200
5092,periodic,168.0000,5040
5093,periodic,168.0000,5040
5094,periodic,168.0000,11760
5095,periodic,168.0000,5040
5096,periodic,168.0000,64512
5097,periodic,168.0000,13776
5098,periodic,168.0000,5040
5099,periodic,168.0000,7728
5100,periodic,168.0000,37632
5101,periodic,168.0000,86688
5102,periodic,168.0000,8400
5103,periodic,168.0000,31920
5104,periodic,168.0000,23520
5105,periodic,168.0000,35280
5106,periodic,168.0000,17808
5107,periodic,168.0000,19824
5108,periodic,168.0000,5040
5109,periodic,168.0000,17136
5110,periodic,168.0000,25200
5111,periodic,168.0000,5040
5112,periodic,168.0000,11760
5113,periodic,168.0000,5040
5114,periodic,168.0000,5040
5115,periodic,168.0000,5040
5116,periodic,168.0000,10752
5117,periodic,168.0000,6048
5118,periodic,168.0000,5040
5119,periodic,168.0000,21840
5120,periodic,168.0000,26208
5121,periodic,168.0000,12768
5122,periodic,168.0000,59136
5123,periodic,168.0000,5376
5124,periodic,168.0000,5040
5125,periodic,168.0000,5040
5126,periodic,168.0000,9072
5127,periodic,168.0000,35280
5128,periodic,168.0000,14448
5129,periodic,168.0000,7392
5130,periodic,168.0000,6720
5131,periodic,168.0000,5040
5132,periodic,168.0000,8400
5133,periodic,168.0000,7056
5134,periodic,168.0000,5040
5135,periodic,168.0000,9072
5136,periodic,168.0000,5040
5137,periodic,168.0000,29904
5138,periodic,168.0000,35952
5139,periodic,168.0000,8064
5140,periodic,168.0000,5040
5141,periodic,168.0000,6384
5142,periodic,168.0000,110880
5143,periodic,168.0000,7728
5144,periodic,168.0000,16128
5145,periodic,168.0000,20496
5146,periodic,168.0000,14112
5147,periodic,168.0000,5040
5148,periodic,168.0000,5712
5149,periodic,168.0000,42336
5150,periodic,168.0000,5040
5151,periodic,168.0000,5712
5152,periodic,168.0000,5040
5153,periodic,168.0000,5040
5154,periodic,168.0000,49392
5155,periodic,168.0000,5712
5156,periodic,168.0000,9072
5157,periodic,168.0000,8400
5158,periodic,168.0000,5040
5159,periodic,168.0000,18816
5160,periodic,168.0000,10752
5161,periodic,168.0000,5040
5162,periodic,168.0000,5040
5163,periodic,168.0000,6048
5164,periodic,168.0000,42672
5165,periodic,168.0000,13440
5166,periodic,168.0000,5040
5167,periodic,168.0000,5040
5168,periodic,168.0000,8064
5169,periodic,168.0000,29904
5170,periodic,168.0000,5040
5171,periodic,168.0000,9408
5172,periodic,168.0000,25536
5173,periodic,168.0000,16128
5174,periodic,168.0000,9072
5175,periodic,168.0000,7392
5176,periodic,168.0000,5376
5177,periodic,168.0000,5040
5178,periodic,168.0000,5040
5179,periodic,168.0000,26208
5180,periodic,168.0000,5040
5181,periodic,168.0000,5376
5182,periodic,168.0000,9744
5183,periodic,168.0000,11088
5184,periodic,168.0000,5040
5185,periodic,168.0000,37296
5186,periodic,168.0000,15120
5187,periodic,168.0000,5040
5188,periodic,168.0000,51072
5189,periodic,168.0000,18816
5190,periodic,168.0000,12096
5191,periodic,168.0000,28896
5192,periodic,168.0000,5040
5193,periodic,168.0000,38976
5194,periodic,168.0000,5712
5195,periodic,168.0000,12432
5196,periodic,168.0000,5712
5197,periodic,168.0000,16800
5198,periodic,168.0000,11088
5199,periodic,168.0000,57120
5200,periodic,168.0000,36960
5201,periodic,168.0000,61488
5202,periodic,168.0000,6720
5203,periodic,168.0000,9072
5204,periodic,168.0000,5376
5205,periodic,168.0000,5712
5206,periodic,168.0000,5712
5207,periodic,168.0000,18816
5208,periodic,168.0000,5040
5209,periodic,168.0000,32256
5210,periodic,168.0000,9744
5211,periodic,168.0000,5040
5212,periodic,168.0000,48048
5213,periodic,168.0000,5712
5214,periodic,168.0000,7056
5215,periodic,168.0000,5040
5216,periodic,168.0000,13776
5217,periodic,168.0000,7392
5218,periodic,168.0000,24864
5219,periodic,168.0000,54432
5220,periodic,168.0000,5376
5221,periodic,168.0000,5040
5222,periodic,168.0000,9744
5223,periodic,168.0000,7392
5224,periodic,168.0000,49728
5225,periodic,168.0000,5040
5226,periodic,168.0000,86016
5227,periodic,168.0000,16800
5228,periodic,168.0000,7056
5229,periodic,168.0000,5040
5230,periodic,168.0000,9408
5231,periodic,168.0000,9072
5232,periodic,168.0000,7728
5233,periodic,168.0000,14448
5234,periodic,168.0000,5712
5235,periodic,168.0000,54432
5236,periodic,168.0000,37296
5237,periodic,168.0000,22512
5238,periodic,168.0000,8736
5239,periodic,168.0000,13440
5240,periodic,168.0000,11088
5241,periodic,168.0000,8400
5242,periodic,168.0000,21840
5243,periodic,168.0000,9408
5244,periodic,168.0000,5712
5245,periodic,168.0000,5040
5246,periodic,168.0000,8736
5247,periodic,168.0000,5040
5248,periodic,168.0000,42336
5249,periodic,168.0000,7056
5250,periodic,168.0000,6384
5251,periodic,168.0000,10416
5252,periodic,168.0000,5040
5253,periodic,168.0000,20496
5254,periodic,168.0000,5040
5255,periodic,168.0000,28560
5256,periodic,168.0000,20496
5257,periodic,168.0000,5040
5258,periodic,168.0000,5040
5259,periodic,168.0000,9408
5260,periodic,168.0000,63168
5261,periodic,168.0000,6048
5262,periodic,168.0000,23856
5263,periodic,168.0000,5376
5264,periodic,168.0000,19824
5265,periodic,168.0000,25872
5266,periodic,168.0000,15792
5267,periodic,168.0000,33936
5268,periodic,168.0000,5040
5269,periodic,168.0000,7728
5270,periodic,168.0000,54432
5271,periodic,168.0000,35616
5272,periodic,168.0000,11088
5273,periodic,168.0000,5040
5274,periodic,168.0000,23184
5275,periodic,168.0000,27552
5276,periodic,168.0000,6720
5277,periodic,168.0000,5040
5278,periodic,168.0000,44352
5279,periodic,168.0000,7056
5280,periodic,168.0000,5040
5281,periodic,168.0000,5712
5282,periodic,168.0000,7728
5283,periodic,168.0000,16464
5284,periodic,168.0000,5040
5285,periodic,168.0000,7056
5286,periodic,168.0000,5040
5287,periodic,168.0000,5040
5288,periodic,168.0000,75936
5289,periodic,168.0000,5712
5290,periodic,168.0000,6384
5291,periodic,168.0000,5712
5292,periodic,168.0000,5040
5293,periodic,168.0000,5040
5294,periodic,168.0000,5040
5295,periodic,168.0000,5040
5296,periodic,168.0000,27216
5297,periodic,168.0000,13104
5298,periodic,168.0000,57456
5299,periodic,168.0000,17472
5300,periodic,168.0000,5712
5301,periodic,168.0000,82992
5302,periodic,168.0000,25872
5303,periodic,168.0000,7392
5304,periodic,168.0000,5712
5305,periodic,168.0000,5040
5306,periodic,168.0000,21504
5307,periodic,168.0000,5040
5308,periodic,168.0000,18144
5309,periodic,168.0000,8736
5310,periodic,168.0000,5040
5311,periodic,168.0000,16464
5312,periodic,168.0000,6720
5313,periodic,168.0000,5040
5314,periodic,168.0000,7392
5315,periodic,168.0000,29232
5316,periodic,168.0000,5040
5317,periodic,168.0000,82992
5318,periodic,168.0000,5040
5319,periodic,168.0000,5712
5320,periodic,168.0000,16800
5321,periodic,168.0000,17808
5322,periodic,168.0000,35280
5323,periodic,168.0000,27888
5324,periodic,168.0000,28896
5325,periodic,168.0000,5040
5326,periodic,168.0000,5040
5327,periodic,168.0000,5040
5328,periodic,168.0000,5040
5329,periodic,168.0000,5040
5330,periodic,168.0000,5040
5331,periodic,168.0000,5712
5332,periodic,168.0000,10080
5333,periodic,168.0000,5040
5334,periodic,168.0000,18480
5335,periodic,168.0000,11760
5336,periodic,168.0000,70896
5337,periodic,168.0000,5712
5338,periodic,168.0000,7392
5339,periodic,168.0000,5040
5340,periodic,168.0000,18816
5341,periodic,168.0000,5040
5342,periodic,168.0000,16800
5343,periodic,168.0000,10080
5344,periodic,168.0000,6720
5345,periodic,168.0000,5712
5346,periodic,168.0000,15456
5347,periodic,168.0000,5040
5348,periodic,168.0000,5040
5349,periodic,168.0000,64512
5350,periodic,168.0000,12096
5351,periodic,168.0000,38976
5352,periodic,168.0000,5040
5353,periodic,168.0000,5040
5354,periodic,168.0000,49056
5355,periodic,168.0000,6048
5356,periodic,168.0000,16464
5357,periodic,168.0000,40992
5358,periodic,168.0000,6720
5359,periodic,168.0000,19488
5360,periodic,168.0000,20496
5361,periodic,168.0000,17472
5362,periodic,168.0000,6048
5363,periodic,168.0000,45696
5364,periodic,168.0000,7392
5365,periodic,168.0000,32592
5366,periodic,168.0000,5376
5367,periodic,168.0000,5040
5368,periodic,168.0000,5040
5369,periodic,168.0000,23856
5370,periodic,168.0000,16800
5371,periodic,168.0000,30576
5372,periodic,168.0000,5712
5373,periodic,168.0000,50064
5374,periodic,168.0000,5040
5375,periodic,168.0000,34608
5376,periodic,168.0000,44352
5377,periodic,168.0000,24528
5378,periodic,168.0000,5376
5379,periodic,168.0000,5040
5380,periodic,168.0000,7056
5381,periodic,168.0000,65520
5382,periodic,168.0000,30912
5383,periodic,168.0000,5712
5384,periodic,168.0000,12432
5385,periodic,168.0000,5040
5386,periodic,168.0000,30240
5387,periodic,168.0000,43344
5388,periodic,168.0000,11088
5389,periodic,168.0000,16464
5390,periodic,168.0000,20496
5391,periodic,168.0000,40992
5392,periodic,168.0000,39648
5393,periodic,168.0000,5040
5394,periodic,168.0000,11424
5395,periodic,168.0000,34944
5396,periodic,168.0000,5040
5397,periodic,168.0000,5040
5398,periodic,168.0000,5040
5399,periodic,168.0000,15456
5400,periodic,168.0000,10080
5401,periodic,168.0000,43344
5402,periodic,168.0000,5040
5403,periodic,168.0000,5040
5404,periodic,168.0000,5040
5405,periodic,168.0000,5040
5406,periodic,168.0000,5040
5407,periodic,168.0000,5040
5408,periodic,168.0000,5040
5409,periodic,168.0000,5040
5410,periodic,168.0000,10416
5411,periodic,168.0000,5040
5412,periodic,168.0000,9072
5413,periodic,168.0000,34608
5414,periodic,168.0000,5040
5415,periodic,168.0000,45360
5416,periodic,168.0000,26208
5417,periodic,168.0000,5040
5418,periodic,168.0000,6720
5419,periodic,168.0000,6384
5420,periodic,168.0000,5040
5421,periodic,168.0000,5040
5422,periodic,168.0000,13776
5423,periodic,168.0000,9072
5424,periodic,168.0000,5040
5425,periodic,168.0000,60480
5426,periodic,168.0000,28224
5427,periodic,168.0000,10416
5428,periodic,168.0000,27552
5429,periodic,168.0000,41328
5430,periodic,168.0000,28896
5431,periodic,168.0000,5712
5432,periodic,168.0000,27216
5433,periodic,168.0000,8736
5434,periodic,168.0000,5376
5435,periodic,168.0000,55440
5436,periodic,168.0000,12096
5437,periodic,168.0000,26880
5438,periodic,168.0000,17136
5439,periodic,168.0000,46032
5440,periodic,168.0000,5376
5441,periodic,168.0000,23520
5442,periodic,168.0000,18480
5443,periodic,168.0000,8736
5444,periodic,168.0000,6384
5445,periodic,168.0000,21168
5446,periodic,168.0000,5040
5447,periodic,168.0000,16128
5448,periodic,168.0000,40320
5449,periodic,168.0000,6048
5450,periodic,168.0000,78960
5451,periodic,168.0000,6384
5452,periodic,168.0000,29232
5453,periodic,168.0000,5712
5454,periodic,168.0000,78288
5455,periodic,168.0000,22176
5456,periodic,168.0000,54096
5457,periodic,168.0000,11424
5458,periodic,168.0000,5040
5459,periodic,168.0000,21504
5460,periodic,168.0000,19488
5461,periodic,168.0000,8400
5462,periodic,168.0000,5040
5463,periodic,168.0000,5040
5464,periodic,168.0000,5040
5465,periodic,168.0000,6048
5466,periodic,168.0000,6384
5467,periodic,168.0000,5712
5468,periodic,168.0000,5712
5469,periodic,168.0000,6048
5470,periodic,168.0000,5040
5471,periodic,168.0000,5040
5472,periodic,168.0000,5376
5473,periodic,168.0000,9744
5474,periodic,168.0000,5040
5475,periodic,168.0000,9072
5476,periodic,168.0000,52752
5477,periodic,168.0000,32592
5478,periodic,168.0000,14112
5479,periodic,168.0000,5712
5480,periodic,168.0000,5040
5481,periodic,168.0000,17136
5482,periodic,168.0000,9072
5483,periodic,168.0000,5040
5484,periodic,168.0000,40656
5485,periodic,168.0000,5040
5486,periodic,168.0000,9408
5487,periodic,168.0000,5040
5488,periodic,168.0000,9408
5489,periodic,168.0000,19488
5490,periodic,168.0000,5040
5491,periodic,168.0000,15792
5492,periodic,168.0000,14112
5493,periodic,168.0000,6384
5494,periodic,168.0000,23184
5495,periodic,168.0000,23856
5496,periodic,168.0000,18816
5497,periodic,168.0000,9072
5498,periodic,168.0000,5040
5499,periodic,168.0000,9072
5500,periodic,168.0000,13440
5501,periodic,168.0000,5040
5502,periodic,168.0000,5040
5503,periodic,168.0000,5040
5504,periodic,168.0000,5040
5505,periodic,168.0000,5376
5506,periodic,168.0000,5376
5507,periodic,168.0000,5040
5508,periodic,168.0000,5040
5509,periodic,168.0000,6720
5510,periodic,168.0000,5040
5511,periodic,168.0000,7056
5512,periodic,168.0000,15792
5513,periodic,168.0000,21840
5514,periodic,168.0000,20496
5515,periodic,168.0000,6384
5516,periodic,168.0000,15456
5517,periodic,168.0000,9072
5518,periodic,168.0000,12432
5519,periodic,168.0000,5040
5520,periodic,168.0000,18480
5521,periodic,168.0000,13440
5522,periodic,168.0000,50400
5523,periodic,168.0000,5040
5524,periodic,168.0000,8064
5525,periodic,168.0000,12768
5526,periodic,168.0000,14448
5527,periodic,168.0000,12432
5528,periodic,168.0000,5040
5529,periodic,168.0000,10080
5530,periodic,168.0000,14112
5531,periodic,168.0000,5712
5532,periodic,168.0000,9408
5533,periodic,168.0000,5040
5534,periodic,168.0000,12432
5535,periodic,168.0000,5040
5536,periodic,168.0000,13440
5537,periodic,168.0000,5376
5538,periodic,168.0000,42672
5539,periodic,168.0000,7728
5540,periodic,168.0000,5040
5541,periodic,168.0000,46704
5542,periodic,168.0000,20832
5543,periodic,168.0000,5040
5544,periodic,168.0000,15120
5545,periodic,168.0000,5040
5546,periodic,168.0000,9072
5547,periodic,168.0000,24192
5548,periodic,168.0000,17472
5549,periodic,168.0000,5040
5550,periodic,168.0000,5040
5551,periodic,168.0000,8400
5552,periodic,168.0000,5040
5553,periodic,168.0000,7056
5554,periodic,168.0000,10416
5555,periodic,168.0000,15456
5556,periodic,168.0000,5040
5557,periodic,168.0000,8064
5558,periodic,168.0000,5712
5559,periodic,168.0000,24528
5560,periodic,168.0000,32592
5561,periodic,168.0000,6720
5562,periodic,168.0000,5712
5563,periodic,168.0000,48720
5564,periodic,168.0000,5040
5565,periodic,168.0000,17136
5566,periodic,168.0000,10416
5567,periodic,168.0000,5040
5568,periodic,168.0000,9072
5569,periodic,168.0000,39648
5570,periodic,168.0000,5040
5571,periodic,168.0000,5040
5572,periodic,168.0000,5376
5573,periodic,168.0000,9072
5574,periodic,168.0000,5040
5575,periodic,168.0000,8064
5576,periodic,168.0000,9408
5577,periodic,168.0000,52752
5578,periodic,168.0000,27216
5579,periodic,168.0000,41328
5580,periodic,168.0000,6384
5581,periodic,168.0000,77280
5582,periodic,168.0000,15456
5583,periodic,168.0000,16128
5584,periodic,168.0000,16128
5585,periodic,168.0000,7392
5586,periodic,168.0000,15792
5587,periodic,168.0000,5040
5588,periodic,168.0000,6720
5589,periodic,168.0000,5376
5590,periodic,168.0000,9072
5591,periodic,168.0000,22512
5592,periodic,168.0000,5040
5593,periodic,168.0000,5040
5594,periodic,168.0000,32928
5595,periodic,168.0000,7392
5596,periodic,168.0000,6048
5597,periodic,168.0000,13776
5598,periodic,168.0000,11088
5599,periodic,168.0000,5040
5600,periodic,168.0000,5376
5601,periodic,168.0000,11424
5602,periodic,168.0000,13440
5603,periodic,168.0000,5040
5604,periodic,168.0000,26208
5605,periodic,168.0000,5040
5606,periodic,168.0000,49056
5607,periodic,168.0000,5712
5608,periodic,168.0000,27552
5609,periodic,168.0000,5376
5610,periodic,168.0000,76944
5611,periodic,168.0000,5040
5612,periodic,168.0000,72576
5613,periodic,168.0000,10080
5614,periodic,168.0000,7392
5615,periodic,168.0000,98448
5616,periodic,168.0000,54432
5617,periodic,168.0000,5040
5618,periodic,168.0000,5712
5619,periodic,168.0000,20832
5620,periodic,168.0000,26544
5621,periodic,168.0000,17808
5622,periodic,168.0000,7392
5623,periodic,168.0000,5040
5624,periodic,168.0000,6384
5625,periodic,168.0000,63840
5626,periodic,168.0000,11424
5627,periodic,168.0000,21168
5628,periodic,168.0000,21840
5629,periodic,168.0000,9744
5630,periodic,168.0000,6720
5631,periodic,168.0000,5712
5632,periodic,168.0000,7728
5633,periodic,168.0000,24864
5634,periodic,168.0000,10416
5635,periodic,168.0000,80640
5636,periodic,168.0000,7392
5637,periodic,168.0000,5040
5638,periodic,168.0000,11424
5639,periodic,168.0000,105168
5640,periodic,168.0000,10752
5641,periodic,168.0000,5712
5642,periodic,168.0000,11088
5643,periodic,168.0000,5040
5644,periodic,168.0000,7392
5645,periodic,168.0000,8400
5646,periodic,168.0000,8736
5647,periodic,168.0000,7728
5648,periodic,168.0000,5040
5649,periodic,168.0000,5040
5650,periodic,168.0000,13440
5651,periodic,168.0000,12432
5652,periodic,168.0000,5712
5653,periodic,168.0000,10416
5654,periodic,168.0000,5376
5655,periodic,168.0000,6384
5656,periodic,168.0000,25200
5657,periodic,168.0000,17808
5658,periodic,168.0000,6048
5659,periodic,168.0000,5040
5660,periodic,168.0000,5040
5661,periodic,168.0000,27888
5662,periodic,168.0000,7392
5663,periodic,168.0000,5040
5664,periodic,168.0000,5040
5665,periodic,168.0000,9744
5666,periodic,168.0000,5040
5667,periodic,168.0000,28896
5668,periodic,168.0000,5712
5669,periodic,168.0000,13776
5670,periodic,168.0000,42672
5671,periodic,168.0000,13440
5672,periodic,168.0000,6048
5673,periodic,168.0000,24528
5674,periodic,168.0000,5040
5675,periodic,168.0000,5040
5676,periodic,168.0000,5040
5677,periodic,168.0000,5040
5678,periodic,168.0000,54096
5679,periodic,168.0000,27552
5680,periodic,168.0000,6048
5681,periodic,168.0000,6720
5682,periodic,168.0000,10416
5683,periodic,168.0000,38304
5684,periodic,168.0000,5040
5685,periodic,168.0000,13440
5686,periodic,168.0000,7728
5687,periodic,168.0000,23520
5688,periodic,168.0000,18144
5689,periodic,168.0000,9408
5690,periodic,168.0000,5040
5691,periodic,168.0000,6720
5692,periodic,168.0000,16800
5693,periodic,168.0000,5040
5694,periodic,168.0000,15120
5695,periodic,168.0000,5712
5696,periodic,168.0000,5040
5697,periodic,168.0000,5376
5698,periodic,168.0000,13776
5699,periodic,168.0000,21840
5700,periodic,168.0000,6720
5701,periodic,168.0000,7728
5702,periodic,168.0000,5040
5703,periodic,168.0000,10416
5704,periodic,168.0000,6720
5705,periodic,168.0000,54768
5706,periodic,168.0000,17472
5707,periodic,168.0000,5040
5708,periodic,168.0000,10752
5709,periodic,168.0000,8064
5710,periodic,168.0000,5040
5711,periodic,168.0000,19488
5712,periodic,168.0000,7728
5713,periodic,168.0000,8400
5714,periodic,168.0000,5376
5715,periodic,168.0000,5040
5716,periodic,168.0000,50064
5717,periodic,168.0000,13104
5718,periodic,168.0000,14448
5719,periodic,168.0000,8064
5720,periodic,168.0000,5040
5721,periodic,168.0000,6720
5722,periodic,168.0000,40320
5723,periodic,168.0000,22176
5724,periodic,168.0000,8736
5725,periodic,168.0000,10080
5726,periodic,168.0000,5376
5727,periodic,168.0000,5040
5728,periodic,168.0000,7392
5729,periodic,168.0000,7392
5730,periodic,168.0000,7392
5731,periodic,168.0000,16128
5732,periodic,168.0000,25536
5733,periodic,168.0000,5040
5734,periodic,168.0000,9072
5735,periodic,168.0000,24528
5736,periodic,168.0000,10080
5737,periodic,168.0000,55776
5738,periodic,168.0000,5040
5739,periodic,168.0000,5040
5740,periodic,168.0000,6384
5741,periodic,168.0000,8400
5742,periodic,168.0000,16464
5743,periodic,168.0000,12768
5744,periodic,168.0000,9408
5745,periodic,168.0000,7728
5746,periodic,168.0000,5712
5747,periodic,168.0000,10416
5748,periodic,168.0000,5040
5749,periodic,168.0000,10416
5750,periodic,168.0000,6048
5751,periodic,168.0000,5040
5752,periodic,168.0000,11424
5753,periodic,168.0000,5040
5754,periodic,168.0000,16464
5755,periodic,168.0000,5376
5756,periodic,168.0000,6048
5757,periodic,168.0000,5040
5758,periodic,168.0000,5040
5759,periodic,168.0000,5040
5760,periodic,168.0000,35952
5761,periodic,168.0000,12096
5762,periodic,168.0000,5040
5763,periodic,168.0000,7056
5764,periodic,168.0000,12432
5765,periodic,168.0000,58800
5766,periodic,168.0000,18144
5767,periodic,168.0000,10416
5768,periodic,168.0000,5040
5769,periodic,168.0000,5712
5770,periodic,168.0000,6384
5771,periodic,168.0000,52080
5772,periodic,168.0000,5040
5773,periodic,168.0000,6048
5774,periodic,168.0000,30576
5775,periodic,168.0000,49392
5776,periodic,168.0000,12096
5777,periodic,168.0000,13776
5778,periodic,168.0000,6384
5779,periodic,168.0000,28560
5780,periodic,168.0000,5040
5781,periodic,168.0000,20496
5782,periodic,168.0000,23184
5783,periodic,168.0000,6720
5784,periodic,168.0000,18144
5785,periodic,168.0000,16800
5786,periodic,168.0000,17472
5787,periodic,168.0000,28896
5788,periodic,168.0000,12768
5789,periodic,168.0000,5712
5790,periodic,168.0000,19824
5791,periodic,168.0000,5040
5792,periodic,168.0000,30912
5793,periodic,168.0000,5040
5794,periodic,168.0000,24192
5795,periodic,168.0000,6384
5796,periodic,168.0000,5712
5797,periodic,168.0000,19152
5798,periodic,168.0000,6384
5799,periodic,168.0000,19488
5800,periodic,168.0000,5040
5801,periodic,168.0000,8736
5802,periodic,168.0000,6720
5803,periodic,168.0000,6048
5804,periodic,168.0000,6048
5805,periodic,168.0000,62832
5806,periodic,168.0000,8400
5807,periodic,168.0000,5376
5808,periodic,168.0000,5040
5809,periodic,168.0000,8400
5810,periodic,168.0000,5712
5811,periodic,168.0000,5040
5812,periodic,168.0000,64512
5813,periodic,168.0000,9408
5814,periodic,168.0000,7728
5815,periodic,168.0000,28560
5816,periodic,168.0000,50736
5817,periodic,168.0000,5040
5818,periodic,168.0000,8400
5819,periodic,168.0000,10080
5820,periodic,168.0000,7728
5821,periodic,168.0000,5712
5822,periodic,168.0000,5040
5823,periodic,168.0000,5040
5824,periodic,168.0000,23520
5825,periodic,168.0000,45696
5826,periodic,168.0000,12432
5827,periodic,168.0000,56448
5828,periodic,168.0000,7392
5829,periodic,168.0000,6048
5830,periodic,168.0000,5040
5831,periodic,168.0000,5712
5832,periodic,168.0000,5712
5833,periodic,168.0000,6720
5834,periodic,168.0000,8400
5835,periodic,168.0000,19824
5836,periodic,168.0000,29232
5837,periodic,168.0000,9072
5838,periodic,168.0000,7392
5839,periodic,168.0000,22848
5840,periodic,168.0000,8064
5841,periodic,168.0000,10080
5842,periodic,168.0000,11088
5843,periodic,168.0000,5040
5844,periodic,168.0000,5712
5845,periodic,168.0000,8400
5846,periodic,168.0000,5040
5847,periodic,168.0000,5040
5848,periodic,168.0000,7056
5849,periodic,168.0000,14448
5850,periodic,168.0000,32928
5851,periodic,168.0000,5040
5852,periodic,168.0000,41328
5853,periodic,168.0000,5040
5854,periodic,168.0000,24528
5855,periodic,168.0000,6720
5856,periodic,168.0000,9072
5857,periodic,168.0000,13104
5858,periodic,168.0000,5040
5859,periodic,168.0000,106176
5860,periodic,168.0000,37296
5861,periodic,168.0000,5712
5862,periodic,168.0000,9744
5863,periodic,168.0000,8736
5864,periodic,168.0000,23184
5865,periodic,168.0000,66192
5866,periodic,168.0000,9408
5867,periodic,168.0000,11088
5868,periodic,168.0000,10752
5869,periodic,168.0000,7728
5870,periodic,168.0000,15120
5871,periodic,168.0000,13104
5872,periodic,168.0000,15456
5873,periodic,168.0000,49392
5874,periodic,168.0000,6048
5875,periodic,168.0000,11760
5876,periodic,168.0000,7392
5877,periodic,168.0000,5040
5878,periodic,168.0000,49056
5879,periodic,168.0000,19824
5880,periodic,168.0000,19152
5881,periodic,168.0000,6720
5882,periodic,168.0000,27216
5883,periodic,168.0000,23856
5884,periodic,168.0000,18816
5885,periodic,168.0000,6048
5886,periodic,168.0000,15120
5887,periodic,168.0000,13440
5888,periodic,168.0000,6048
5889,periodic,168.0000,5376
5890,periodic,168.0000,5040
5891,periodic,168.0000,15792
5892,periodic,168.0000,20496
5893,periodic,168.0000,5712
5894,periodic,168.0000,22176
5895,periodic,168.0000,10752
5896,periodic,168.0000,27552
5897,periodic,168.0000,51408
5898,periodic,168.0000,25200
5899,periodic,168.0000,18480
5900,periodic,168.0000,5040
5901,periodic,168.0000,12768
5902,periodic,168.0000,5040
5903,periodic,168.0000,19152
5904,periodic,168.0000,38640
5905,periodic,168.0000,18816
5906,periodic,168.0000,18816
5907,periodic,168.0000,134064
5908,periodic,168.0000,5376
5909,periodic,168.0000,21168
5910,periodic,168.0000,71568
5911,periodic,168.0000,5040
5912,periodic,168.0000,34272
5913,periodic,168.0000,24864
5914,periodic,168.0000,5040
5915,periodic,168.0000,5040
5916,periodic,168.0000,5040
5917,periodic,168.0000,25200
5918,periodic,168.0000,7392
5919,periodic,168.0000,24864
5920,periodic,168.0000,5040
5921,periodic,168.0000,56784
5922,periodic,168.0000,39648
5923,periodic,168.0000,5376
5924,periodic,168.0000,12096
5925,periodic,168.0000,11424
5926,periodic,168.0000,13440
5927,periodic,168.0000,12096
5928,periodic,168.0000,5712
5929,periodic,168.0000,44688
5930,periodic,168.0000,18816
5931,periodic,168.0000,5040
5932,periodic,168.0000,66528
5933,periodic,168.0000,7056
5934,periodic,168.0000,65856
5935,periodic,168.0000,8736
5936,periodic,168.0000,5712
5937,periodic,168.0000,5040
5938,periodic,168.0000,11088
5939,periodic,168.0000,5040
5940,periodic,168.0000,24864
5941,periodic,168.0000,5040
5942,periodic,168.0000,30912
5943,periodic,168.0000,21168
5944,periodic,168.0000,19488
5945,periodic,168.0000,8400
5946,periodic,168.0000,21168
5947,periodic,168.0000,45024
5948,periodic,168.0000,5040
5949,periodic,168.0000,13440
5950,periodic,168.0000,6384
5951,periodic,168.0000,5040
5952,periodic,168.0000,6048
5953,periodic,168.0000,5040
5954,periodic,168.0000,6384
5955,periodic,168.0000,13776
5956,periodic,168.0000,5040
5957,periodic,168.0000,6384
5958,periodic,168.0000,8400
5959,periodic,168.0000,28560
5960,periodic,168.0000,17472
5961,periodic,168.0000,5040
5962,periodic,168.0000,28560
5963,periodic,168.0000,6048
5964,periodic,168.0000,207648
5965,periodic,168.0000,29232
5966,periodic,168.0000,20496
5967,periodic,168.0000,21840
5968,periodic,168.0000,21840
5969,periodic,168.0000,5040
5970,periodic,168.0000,5040
5971,periodic,168.0000,10752
5972,periodic,168.0000,7392
5973,periodic,168.0000,8736
5974,periodic,168.0000,6384
5975,periodic,168.0000,10416
5976,periodic,168.0000,5040
5977,periodic,168.0000,49728
5978,periodic,168.0000,5040
5979,periodic,168.0000,5712
5980,periodic,168.0000,33264
5981,periodic,168.0000,35280
5982,periodic,168.0000,14784
5983,periodic,168.0000,64848
5984,periodic,168.0000,5712
5985,periodic,168.0000,5040
5986,periodic,168.0000,5040
5987,periodic,168.0000,22176
5988,periodic,168.0000,7056
5989,periodic,168.0000,16128
5990,periodic,168.0000,8736
5991,periodic,168.0000,5376
5992,periodic,168.0000,5040
5993,periodic,168.0000,5040
5994,periodic,168.0000,5040
5995,periodic,168.0000,43344
5996,periodic,168.0000,5040
5997,periodic,168.0000,91056
5998,periodic,168.0000,8400
5999,periodic,168.0000,5040
6000,periodic,168.0000,21840
6001,periodic,168.0000,23184
6002,periodic,168.0000,22176
6003,periodic,168.0000,5040
6004,periodic,168.0000,50064
6005,periodic,168.0000,9744
6006,periodic,168.0000,13440
6007,periodic,168.0000,5040
6008,periodic,168.0000,12432
6009,periodic,168.0000,23184
6010,periodic,168.0000,9408
6011,periodic,168.0000,7728
6012,periodic,168.0000,10416
6013,periodic,168.0000,10080
6014,periodic,168.0000,17472
6015,periodic,168.0000,13104
6016,periodic,168.0000,12432
6017,periodic,168.0000,5040
6018,periodic,168.0000,21168
6019,periodic,168.0000,19824
6020,periodic,168.0000,15792
6021,periodic,168.0000,13104
6022,periodic,168.0000,5040
6023,periodic,168.0000,6720
6024,periodic,168.0000,5040
6025,periodic,168.0000,5040
6026,periodic,168.0000,33936
6027,periodic,168.0000,10080
6028,periodic,168.0000,12096
6029,periodic,168.0000,5040
6030,periodic,168.0000,6384
6031,periodic,168.0000,6384
6032,periodic,168.0000,113904
6033,periodic,168.0000,15792
6034,periodic,168.0000,5040
6035,periodic,168.0000,5040
6036,periodic,168.0000,46704
6037,periodic,168.0000,6720
6038,periodic,168.0000,17136
6039,periodic,168.0000,21840
6040,periodic,168.0000,5040
6041,periodic,168.0000,5040
6042,periodic,168.0000,5040
6043,periodic,168.0000,5040
6044,periodic,168.0000,19152
6045,periodic,168.0000,63840
6046,periodic,168.0000,7728
6047,periodic,168.0000,6048
6048,periodic,168.0000,6048
6049,periodic,168.0000,26544
6050,periodic,168.0000,11088
6051,periodic,168.0000,11760
6052,periodic,168.0000,16464
6053,periodic,168.0000,5040
6054,periodic,168.0000,75264
6055,periodic,168.0000,18144
6056,periodic,168.0000,5712
6057,periodic,168.0000,22176
6058,periodic,168.0000,5040
6059,periodic,168.0000,10752
6060,periodic,168.0000,7728
6061,periodic,168.0000,6720
6062,periodic,168.0000,43680
6063,periodic,168.0000,37632
6064,periodic,168.0000,5712
6065,periodic,168.0000,8736
6066,periodic,168.0000,7392
6067,periodic,168.0000,118272
6068,periodic,168.0000,13440
6069,periodic,168.0000,5040
6070,periodic,168.0000,7728
6071,periodic,168.0000,5040
6072,periodic,168.0000,5712
6073,periodic,168.0000,20160
6074,periodic,168.0000,39984
6075,periodic,168.0000,8736
6076,periodic,168.0000,31584
6077,periodic,168.0000,10752
6078,periodic,168.0000,12096
6079,periodic,168.0000,11760
6080,periodic,168.0000,5040
6081,periodic,168.0000,8736
6082,periodic,168.0000,5040
6083,periodic,168.0000,5040
6084,periodic,168.0000,5040
6085,periodic,168.0000,18144
6086,periodic,168.0000,16128
6087,periodic,168.0000,31248
6088,periodic,168.0000,35616
6089,periodic,168.0000,5040
6090,periodic,168.0000,16464
6091,periodic,168.0000,5040
6092,periodic,168.0000,37632
6093,periodic,168.0000,5040
6094,periodic,168.0000,9744
6095,periodic,168.0000,37296
6096,periodic,168.0000,5040
6097,periodic,168.0000,13440
6098,periodic,168.0000,5712
6099,periodic,168.0000,5712
6100,periodic,168.0000,5040
6101,periodic,168.0000,5040
6102,periodic,168.0000,91728
6103,periodic,168.0000,12768
6104,periodic,168.0000,6720
6105,periodic,168.0000,5040
6106,periodic,168.0000,5040
6107,periodic,168.0000,5040
6108,periodic,168.0000,11088
6109,periodic,168.0000,13776
6110,periodic,168.0000,28896
6111,periodic,168.0000,12432
6112,periodic,168.0000,5376
6113,periodic,168.0000,5040
6114,periodic,168.0000,5712
6115,periodic,168.0000,5712
6116,periodic,168.0000,13440
6117,periodic,168.0000,7728
6118,periodic,168.0000,5040
6119,periodic,168.0000,11424
6120,periodic,168.0000,11088
6121,periodic,168.0000,28224
6122,periodic,168.0000,9408
6123,periodic,168.0000,38640
6124,periodic,168.0000,5040
6125,periodic,168.0000,30576
6126,periodic,168.0000,69888
6127,periodic,168.0000,14112
6128,periodic,168.0000,11760
6129,periodic,168.0000,40992
6130,periodic,168.0000,12432
6131,periodic,168.0000,5040
6132,periodic,168.0000,5040
6133,periodic,168.0000,14112
6134,periodic,168.0000,5040
6135,periodic,168.0000,6384
6136,periodic,168.0000,6048
6137,periodic,168.0000,5040
6138,periodic,168.0000,212016
6139,periodic,168.0000,5712
6140,periodic,168.0000,7056
6141,periodic,168.0000,18816
6142,periodic,168.0000,5040
6143,periodic,168.0000,11088
6144,periodic,168.0000,29232
6145,periodic,168.0000,11760
6146,periodic,168.0000,5040
6147,periodic,168.0000,9072
6148,periodic,168.0000,5040
6149,periodic,168.0000,27216
6150,periodic,168.0000,5040
6151,periodic,168.0000,11760
6152,periodic,168.0000,6720
6153,periodic,168.0000,23184
6154,periodic,168.0000,5040
6155,periodic,168.0000,11088
6156,periodic,168.0000,33600
6157,periodic,168.0000,5712
6158,periodic,168.0000,26208
6159,periodic,168.0000,5040
6160,periodic,168.0000,6048
6161,periodic,168.0000,21504
6162,periodic,168.0000,17136
6163,periodic,168.0000,30240
6164,periodic,168.0000,34944
6165,periodic,168.0000,15120
6166,periodic,168.0000,25200
6167,periodic,168.0000,5712
6168,periodic,168.0000,5040
6169,periodic,168.0000,5040
6170,periodic,168.0000,6384
6171,periodic,168.0000,47712
6172,periodic,168.0000,5040
6173,periodic,168.0000,13440
6174,periodic,168.0000,23856
6175,periodic,168.0000,22848
6176,periodic,168.0000,11088
6177,periodic,168.0000,18816
6178,periodic,168.0000,10416
6179,periodic,168.0000,15456
6180,periodic,168.0000,5040
6181,periodic,168.0000,5040
6182,periodic,168.0000,57120
6183,periodic,168.0000,13104
6184,periodic,168.0000,20160
6185,periodic,168.0000,24864
6186,periodic,168.0000,5040
6187,periodic,168.0000,20160
6188,periodic,168.0000,6384
6189,periodic,168.0000,5040
6190,periodic,168.0000,5040
6191,periodic,168.0000,17472
6192,periodic,168.0000,7392
6193,periodic,168.0000,5376
6194,periodic,168.0000,5376
6195,periodic,168.0000,9072
6196,periodic,168.0000,5040
6197,periodic,168.0000,5040
6198,periodic,168.0000,7728
6199,periodic,168.0000,27888
6200,periodic,168.0000,20496
6201,periodic,168.0000,54096
6202,periodic,168.0000,9744
6203,periodic,168.0000,19488
6204,periodic,168.0000,13440
6205,periodic,168.0000,5040
6206,periodic,168.0000,5712
6207,periodic,168.0000,18816
6208,periodic,168.0000,13440
6209,periodic,168.0000,9072
6210,periodic,168.0000,5040
6211,periodic,168.0000,21840
6212,periodic,168.0000,5040
6213,periodic,168.0000,7056
6214,periodic,168.0000,10752
6215,periodic,168.0000,7056
6216,periodic,168.0000,21840
6217,periodic,168.0000,11088
6218,periodic,168.0000,46704
6219,periodic,168.0000,31584
6220,periodic,168.0000,5040
6221,periodic,168.0000,5040
6222,periodic,168.0000,5040
6223,periodic,168.0000,9072
6224,periodic,168.0000,10080
6225,periodic,168.0000,12096
6226,periodic,168.0000,7392
6227,periodic,168.0000,5040
6228,periodic,168.0000,59136
6229,periodic,168.0000,24192
6230,periodic,168.0000,19488
6231,periodic,168.0000,5712
6232,periodic,168.0000,15120
6233,periodic,168.0000,5040
6234,periodic,168.0000,5040
6235,periodic,168.0000,12096
6236,periodic,168.0000,9408
6237,periodic,168.0000,5040
6238,periodic,168.0000,5040
6239,periodic,168.0000,8064
6240,periodic,168.0000,64848
6241,periodic,168.0000,5376
6242,periodic,168.0000,5040
6243,periodic,168.0000,71904
6244,periodic,168.0000,5712
6245,periodic,168.0000,7728
6246,periodic,168.0000,10752
6247,periodic,168.0000,8400
6248,periodic,168.0000,12432
6249,periodic,168.0000,11088
6250,periodic,168.0000,5040
6251,periodic,168.0000,5712
6252,periodic,168.0000,62496
6253,periodic,168.0000,10752
6254,periodic,168.0000,9408
6255,periodic,168.0000,8736
6256,periodic,168.0000,6720
6257,periodic,168.0000,9072
6258,periodic,168.0000,50400
6259,periodic,168.0000,12432
6260,periodic,168.0000,41664
6261,periodic,168.0000,5040
6262,periodic,168.0000,5040
6263,periodic,168.0000,11760
6264,periodic,168.0000,31920
6265,periodic,168.0000,17136
6266,periodic,168.0000,15120
6267,periodic,168.0000,6048
6268,periodic,168.0000,20496
6269,periodic,168.0000,16464
6270,periodic,168.0000,9408
6271,periodic,168.0000,6720
6272,periodic,168.0000,5040
6273,periodic,168.0000,50064
6274,periodic,168.0000,33936
6275,periodic,168.0000,5040
6276,periodic,168.0000,38976
6277,periodic,168.0000,9408
6278,periodic,168.0000,5040
6279,periodic,168.0000,7056
6280,periodic,168.0000,5040
6281,periodic,168.0000,20496
6282,periodic,168.0000,11424
6283,periodic,168.0000,5712
6284,periodic,168.0000,12096
6285,periodic,168.0000,23520
6286,periodic,168.0000,14784
6287,periodic,168.0000,15456
6288,periodic,168.0000,30912
6289,periodic,168.0000,5040
6290,periodic,168.0000,15120
6291,periodic,168.0000,5040
6292,periodic,168.0000,25200
6293,periodic,168.0000,90048
6294,periodic,168.0000,7392
6295,periodic,168.0000,26208
6296,periodic,168.0000,6384
6297,periodic,168.0000,5376
6298,periodic,168.0000,8736
6299,periodic,168.0000,5040
6300,periodic,168.0000,5040
6301,periodic,168.0000,24192
6302,periodic,168.0000,5040
6303,periodic,168.0000,5040
6304,periodic,168.0000,5040
6305,periodic,168.0000,5712
6306,periodic,168.0000,5040
6307,periodic,168.0000,5040
6308,periodic,168.0000,5040
6309,periodic,168.0000,18816
6310,periodic,168.0000,16128
6311,periodic,168.0000,6048
6312,periodic,168.0000,54768
6313,periodic,168.0000,7728
6314,periodic,168.0000,51072
6315,periodic,168.0000,30912
6316,periodic,168.0000,5040
6317,periodic,168.0000,5040
6318,periodic,168.0000,7056
6319,periodic,168.0000,9408
6320,periodic,168.0000,12432
6321,periodic,168.0000,6048
6322,periodic,168.0000,42672
6323,periodic,168.0000,5376
6324,periodic,168.0000,11760
6325,periodic,168.0000,18816
6326,periodic,168.0000,35616
6327,periodic,168.0000,8064
6328,periodic,168.0000,5712
6329,periodic,168.0000,29904
6330,periodic,168.0000,9072
6331,periodic,168.0000,11424
6332,periodic,168.0000,11424
6333,periodic,168.0000,30576
6334,periodic,168.0000,5712
6335,periodic,168.0000,17808
6336,periodic,168.0000,5040
6337,periodic,168.0000,14112
6338,periodic,168.0000,5376
6339,periodic,168.0000,5040
6340,periodic,168.0000,5376
6341,periodic,168.0000,5040
6342,periodic,168.0000,5040
6343,periodic,168.0000,10752
6344,periodic,168.0000,16464
6345,periodic,168.0000,17808
6346,periodic,168.0000,6720
6347,periodic,168.0000,16128
6348,periodic,168.0000,10752
6349,periodic,168.0000,50400
6350,periodic,168.0000,15120
6351,periodic,168.0000,5712
6352,periodic,168.0000,5040
6353,periodic,168.0000,6720
6354,periodic,168.0000,9408
6355,periodic,168.0000,9072
6356,periodic,168.0000,5040
6357,periodic,168.0000,5376
6358,periodic,168.0000,27552
6359,periodic,168.0000,7728
6360,periodic,168.0000,45696
6361,periodic,168.0000,5040
6362,periodic,168.0000,26208
6363,periodic,168.0000,5040
6364,periodic,168.0000,15792
6365,periodic,168.0000,8400
6366,periodic,168.0000,13440
6367,periodic,168.0000,15792
6368,periodic,168.0000,5712
6369,periodic,168.0000,13104
6370,periodic,168.0000,5712
6371,periodic,168.0000,32592
6372,periodic,168.0000,49392
6373,periodic,168.0000,5040
6374,periodic,168.0000,7392
6375,periodic,168.0000,11424
6376,periodic,168.0000,47376
6377,periodic,168.0000,5712
6378,periodic,168.0000,5040
6379,periodic,168.0000,27552
6380,periodic,168.0000,5040
6381,periodic,168.0000,5040
6382,periodic,168.0000,42672
6383,periodic,168.0000,22512
6384,periodic,168.0000,5376
6385,periodic,168.0000,5712
6386,periodic,168.0000,6384
6387,periodic,168.0000,5712
6388,periodic,168.0000,19488
6389,periodic,168.0000,5040
6390,periodic,168.0000,18144
6391,periodic,168.0000,5040
6392,periodic,168.0000,22848
6393,periodic,168.0000,5040
6394,periodic,168.0000,25200
6395,periodic,168.0000,7392
6396,periodic,168.0000,24528
6397,periodic,168.0000,26208
6398,periodic,168.0000,8400
6399,periodic,168.0000,11760
6400,periodic,168.0000,23184
6401,periodic,168.0000,7056
6402,periodic,168.0000,100128
6403,periodic,168.0000,7056
6404,periodic,168.0000,12096
6405,periodic,168.0000,6720
6406,periodic,168.0000,6048
6407,periodic,168.0000,6048
6408,periodic,168.0000,13104
6409,periodic,168.0000,56784
6410,periodic,168.0000,19152
6411,periodic,168.0000,18816
6412,periodic,168.0000,10416
6413,periodic,168.0000,10416
6414,periodic,168.0000,5040
6415,periodic,168.0000,5040
6416,periodic,168.0000,5040
6417,periodic,168.0000,5040
6418,periodic,168.0000,5376
6419,periodic,168.0000,5040
6420,periodic,168.0000,5376
6421,periodic,168.0000,8736
6422,periodic,168.0000,51408
6423,periodic,168.0000,6720
6424,periodic,168.0000,5376
6425,periodic,168.0000,8736
6426,periodic,168.0000,5040
6427,periodic,168.0000,13776
6428,periodic,168.0000,17808
6429,periodic,168.0000,7056
6430,periodic,168.0000,65856
6431,periodic,168.0000,5712
6432,periodic,168.0000,19824
6433,periodic,168.0000,46704
6434,periodic,168.0000,29568
6435,periodic,168.0000,14784
6436,periodic,168.0000,10752
6437,periodic,168.0000,5712
6438,periodic,168.0000,7056
6439,periodic,168.0000,8064
6440,periodic,168.0000,7056
6441,periodic,168.0000,6720
6442,periodic,168.0000,58464
6443,periodic,168.0000,5040
6444,periodic,168.0000,16128
6445,periodic,168.0000,5040
6446,periodic,168.0000,5040
6447,periodic,168.0000,35616
6448,periodic,168.0000,15792
6449,periodic,168.0000,6720
6450,periodic,168.0000,9408
6451,periodic,168.0000,8736
6452,periodic,168.0000,5040
6453,periodic,168.0000,8736
6454,periodic,168.0000,5040
6455,periodic,168.0000,5040
6456,periodic,168.0000,5040
6457,periodic,168.0000,7728
6458,periodic,168.0000,19488
6459,periodic,168.0000,5376
6460,periodic,168.0000,10080
6461,periodic,168.0000,10416
6462,periodic,168.0000,12096
6463,periodic,168.0000,10416
6464,periodic,168.0000,10080
6465,periodic,168.0000,30576
6466,periodic,168.0000,15792
6467,periodic,168.0000,5712
6468,periodic,168.0000,6048
6469,periodic,168.0000,32256
6470,periodic,168.0000,9072
6471,periodic,168.0000,7056
6472,periodic,168.0000,11760
6473,periodic,168.0000,12096
6474,periodic,168.0000,5040
6475,periodic,168.0000,20496
6476,periodic,168.0000,6048
6477,periodic,168.0000,5040
6478,periodic,168.0000,6384
6479,periodic,168.0000,7728
6480,periodic,168.0000,5040
6481,periodic,168.0000,20160
6482,periodic,168.0000,5712
6483,periodic,168.0000,5040
6484,periodic,168.0000,7056
6485,periodic,168.0000,5040
6486,periodic,168.0000,5040
6487,periodic,168.0000,5040
6488,periodic,168.0000,9072
6489,periodic,168.0000,5040
6490,periodic,168.0000,36624
6491,periodic,168.0000,5040
6492,periodic,168.0000,5712
6493,periodic,168.0000,25536
6494,periodic,168.0000,5040
6495,periodic,168.0000,5712
6496,periodic,168.0000,19488
6497,periodic,168.0000,14112
6498,periodic,168.0000,6048
6499,periodic,168.0000,5040
6500,periodic,168.0000,12096
6501,periodic,168.0000,5712
6502,periodic,168.0000,5376
6503,periodic,168.0000,10080
6504,periodic,168.0000,33600
6505,periodic,168.0000,5040
6506,periodic,168.0000,5040
6507,periodic,168.0000,21840
6508,periodic,168.0000,6384
6509,periodic,168.0000,21168
6510,periodic,168.0000,5040
6511,periodic,168.0000,5040
6512,periodic,168.0000,19488
6513,periodic,168.0000,13440
6514,periodic,168.0000,14448
6515,periodic,168.0000,8064
6516,periodic,168.0000,5040
6517,periodic,168.0000,13104
6518,periodic,168.0000,30240
6519,periodic,168.0000,28224
6520,periodic,168.0000,7728
6521,periodic,168.0000,5040
6522,periodic,168.0000,5376
6523,periodic,168.0000,66528
6524,periodic,168.0000,15120
6525,periodic,168.0000,10416
6526,periodic,168.0000,6384
6527,periodic,168.0000,45024
6528,periodic,168.0000,46032
6529,periodic,168.0000,22176
6530,periodic,168.0000,12432
6531,periodic,168.0000,5040
6532,periodic,168.0000,52752
6533,periodic,168.0000,5040
6534,periodic,168.0000,5040
6535,periodic,168.0000,34944
6536,periodic,168.0000,5040
6537,periodic,168.0000,12096
6538,periodic,168.0000,6720
6539,periodic,168.0000,29904
6540,periodic,168.0000,10080
6541,periodic,168.0000,23856
6542,periodic,168.0000,9072
6543,periodic,168.0000,5040
6544,periodic,168.0000,5040
6545,periodic,168.0000,12096
6546,periodic,168.0000,12432
6547,periodic,168.0000,9408
6548,periodic,168.0000,5040
6549,periodic,168.0000,26880
6550,periodic,168.0000,9072
6551,periodic,168.0000,5040
6552,periodic,168.0000,19152
6553,periodic,168.0000,9072
6554,periodic,168.0000,5040
6555,periodic,168.0000,5040
6556,periodic,168.0000,8064
6557,periodic,168.0000,18144
6558,periodic,168.0000,6048
6559,periodic,168.0000,8400
6560,periodic,168.0000,12432
6561,periodic,168.0000,5040
6562,periodic,168.0000,5040
6563,periodic,168.0000,16128
6564,periodic,168.0000,5040
6565,periodic,168.0000,17472
6566,periodic,168.0000,14448
6567,periodic,168.0000,7392
6568,periodic,168.0000,5040
6569,periodic,168.0000,9744
6570,periodic,168.0000,5040
6571,periodic,168.0000,5040
6572,periodic,168.0000,5040
6573,periodic,168.0000,5040
6574,periodic,168.0000,5040
6575,periodic,168.0000,7056
6576,periodic,168.0000,5040
6577,periodic,168.0000,29904
6578,periodic,168.0000,25200
6579,periodic,168.0000,12432
6580,periodic,168.0000,5040
6581,periodic,168.0000,9072
6582,periodic,168.0000,14784
6583,periodic,168.0000,5040
6584,periodic,168.0000,44352
6585,periodic,168.0000,6048
6586,periodic,168.0000,12768
6587,periodic,168.0000,5712
6588,periodic,168.0000,5376
6589,periodic,168.0000,5040
6590,periodic,168.0000,7392
6591,periodic,168.0000,8064
6592,periodic,168.0000,5712
6593,periodic,168.0000,15120
6594,periodic,168.0000,5712
6595,periodic,168.0000,5712
6596,periodic,168.0000,12768
6597,periodic,168.0000,5040
6598,periodic,168.0000,11760
6599,periodic,168.0000,11760
6600,periodic,168.0000,5040
6601,periodic,168.0000,11088
6602,periodic,168.0000,30576
6603,periodic,168.0000,5040
6604,periodic,168.0000,6384
6605,periodic,168.0000,5040
6606,periodic,168.0000,5040
6607,periodic,168.0000,5040
6608,periodic,168.0000,7392
6609,periodic,168.0000,10416
6610,periodic,168.0000,19824
6611,periodic,168.0000,5040
6612,periodic,168.0000,10416
6613,periodic,168.0000,10416
6614,periodic,168.0000,5040
6615,periodic,168.0000,17472
6616,periodic,168.0000,6384
6617,periodic,168.0000,9072
6618,periodic,168.0000,26880
6619,periodic,168.0000,15792
6620,periodic,168.0000,58464
6621,periodic,168.0000,5040
6622,periodic,168.0000,18480
6623,periodic,168.0000,7728
6624,periodic,168.0000,13776
6625,periodic,168.0000,22848
6626,periodic,168.0000,62160
6627,periodic,168.0000,5040
6628,periodic,168.0000,9744
6629,periodic,168.0000,6720
6630,periodic,168.0000,10752
6631,periodic,168.0000,37296
6632,periodic,168.0000,8736
6633,periodic,168.0000,5040
6634,periodic,168.0000,33264
6635,periodic,168.0000,13776
6636,periodic,168.0000,7728
6637,periodic,168.0000,5040
6638,periodic,168.0000,9744
6639,periodic,168.0000,13776
6640,periodic,168.0000,22848
6641,periodic,168.0000,6720
6642,periodic,168.0000,5040
6643,periodic,168.0000,5040
6644,periodic,168.0000,30912
6645,periodic,168.0000,12768
6646,periodic,168.0000,5040
6647,periodic,168.0000,72240
6648,periodic,168.0000,6384
6649,periodic,168.0000,12096
6650,periodic,168.0000,12096
6651,periodic,168.0000,11088
6652,periodic,168.0000,5040
6653,periodic,168.0000,5040
6654,periodic,168.0000,5040
6655,periodic,168.0000,13440
6656,periodic,168.0000,6720
6657,periodic,168.0000,43008
6658,periodic,168.0000,7056
6659,periodic,168.0000,21840
6660,periodic,168.0000,5040
6661,periodic,168.0000,63840
6662,periodic,168.0000,5040
6663,periodic,168.0000,6720
6664,periodic,168.0000,7056
6665,periodic,168.0000,61488
6666,periodic,168.0000,5040
6667,periodic,168.0000,29568
6668,periodic,168.0000,52752
6669,periodic,168.0000,5040
6670,periodic,168.0000,5040
6671,periodic,168.0000,6384
6672,periodic,168.0000,7728
6673,periodic,168.0000,26544
6674,periodic,168.0000,5040
6675,periodic,168.0000,11088
6676,periodic,168.0000,5040
6677,periodic,168.0000,9072
6678,periodic,168.0000,6720
6679,periodic,168.0000,5376
6680,periodic,168.0000,26880
6681,periodic,168.0000,7056
6682,periodic,168.0000,16800
6683,periodic,168.0000,61152
6684,periodic,168.0000,9408
6685,periodic,168.0000,6384
6686,periodic,168.0000,5040
6687,periodic,168.0000,5376
6688,periodic,168.0000,13440
6689,periodic,168.0000,7056
6690,periodic,168.0000,22512
6691,periodic,168.0000,8736
6692,periodic,168.0000,7056
6693,periodic,168.0000,5040
6694,periodic,168.0000,5712
6695,periodic,168.0000,28560
6696,periodic,168.0000,5040
6697,periodic,168.0000,9072
6698,periodic,168.0000,6384
6699,periodic,168.0000,12432
6700,periodic,168.0000,5040
6701,periodic,168.0000,12096
6702,periodic,168.0000,15120
6703,periodic,168.0000,39648
6704,periodic,168.0000,5040
6705,periodic,168.0000,15792
6706,periodic,168.0000,29232
6707,periodic,168.0000,5040
6708,periodic,168.0000,72576
6709,periodic,168.0000,5040
6710,periodic,168.0000,5040
6711,periodic,168.0000,5040
6712,periodic,168.0000,59808
6713,periodic,168.0000,16128
6714,periodic,168.0000,13104
6715,periodic,168.0000,5040
6716,periodic,168.0000,16800
6717,periodic,168.0000,29904
6718,periodic,168.0000,19488
6719,periodic,168.0000,50736
6720,periodic,168.0000,5376
6721,periodic,168.0000,5040
6722,periodic,168.0000,45024
6723,periodic,168.0000,5040
6724,periodic,168.0000,20496
6725,periodic,168.0000,5040
6726,periodic,168.0000,8736
6727,periodic,168.0000,17808
6728,periodic,168.0000,5040
6729,periodic,168.0000,10752
6730,periodic,168.0000,7728
6731,periodic,168.0000,5712
6732,periodic,168.0000,5376
6733,periodic,168.0000,7728
6734,periodic,168.0000,7056
6735,periodic,168.0000,8736
6736,periodic,168.0000,13440
6737,periodic,168.0000,46032
6738,periodic,168.0000,15120
6739,periodic,168.0000,18480
6740,periodic,168.0000,15120
6741,periodic,168.0000,8064
6742,periodic,168.0000,5712
6743,periodic,168.0000,5040
6744,periodic,168.0000,5376
6745,periodic,168.0000,5712
6746,periodic,168.0000,73584
6747,periodic,168.0000,6720
6748,periodic,168.0000,6048
6749,periodic,168.0000,6720
6750,periodic,168.0000,154224
6751,periodic,168.0000,45360
6752,periodic,168.0000,24864
6753,periodic,168.0000,28896
6754,periodic,168.0000,20160
6755,periodic,168.0000,5040
6756,periodic,168.0000,5040
6757,periodic,168.0000,5040
6758,periodic,168.0000,22512
6759,periodic,168.0000,8736
6760,periodic,168.0000,15456
6761,periodic,168.0000,5040
6762,periodic,168.0000,16128
6763,periodic,168.0000,14448
6764,periodic,168.0000,14784
6765,periodic,168.0000,14112
6766,periodic,168.0000,10416
6767,periodic,168.0000,26208
6768,periodic,168.0000,5040
6769,periodic,168.0000,5040
6770,periodic,168.0000,5376
6771,periodic,168.0000,5040
6772,periodic,168.0000,14448
6773,periodic,168.0000,25872
6774,periodic,168.0000,7056
6775,periodic,168.0000,5040
6776,periodic,168.0000,11424
6777,periodic,168.0000,5040
6778,periodic,168.0000,37296
6779,periodic,168.0000,29232
6780,periodic,168.0000,21504
6781,periodic,168.0000,5040
6782,periodic,168.0000,11424
6783,periodic,168.0000,28560
6784,periodic,168.0000,12768
6785,periodic,168.0000,5712
6786,periodic,168.0000,27552
6787,periodic,168.0000,6048
6788,periodic,168.0000,9408
6789,periodic,168.0000,5040
6790,periodic,168.0000,11760
6791,periodic,168.0000,5040
6792,periodic,168.0000,15120
6793,periodic,168.0000,5040
6794,periodic,168.0000,18816
6795,periodic,168.0000,5040
6796,periodic,168.0000,33264
6797,periodic,168.0000,44688
6798,periodic,168.0000,37632
6799,periodic,168.0000,39312
6800,periodic,168.0000,10752
6801,periodic,168.0000,5040
6802,periodic,168.0000,8064
6803,periodic,168.0000,18144
6804,periodic,168.0000,14112
6805,periodic,168.0000,60480
6806,periodic,168.0000,5376
6807,periodic,168.0000,13440
6808,periodic,168.0000,6048
6809,periodic,168.0000,9408
6810,periodic,168.0000,17472
6811,periodic,168.0000,5712
6812,periodic,168.0000,7728
6813,periodic,168.0000,5040
6814,periodic,168.0000,5040
6815,periodic,168.0000,5040
6816,periodic,168.0000,9744
6817,periodic,168.0000,22512
6818,periodic,168.0000,12096
6819,periodic,168.0000,22848
6820,periodic,168.0000,22512
6821,periodic,168.0000,9072
6822,periodic,168.0000,5712
6823,periodic,168.0000,5040
6824,periodic,168.0000,11088
6825,periodic,168.0000,5712
6826,periodic,168.0000,6384
6827,periodic,168.0000,13440
6828,periodic,168.0000,23520
6829,periodic,168.0000,7728
6830,periodic,168.0000,5040
6831,periodic,168.0000,76272
6832,periodic,168.0000,21840
6833,periodic,168.0000,15792
6834,periodic,168.0000,9744
6835,periodic,168.0000,55440
6836,periodic,168.0000,33600
6837,periodic,168.0000,5040
6838,periodic,168.0000,10080
6839,periodic,168.0000,5376
6840,periodic,168.0000,7728
6841,periodic,168.0000,5712
6842,periodic,168.0000,13440
6843,periodic,168.0000,22848
6844,periodic,168.0000,13440
6845,periodic,168.0000,20160
6846,periodic,168.0000,5040
6847,periodic,168.0000,5040
6848,periodic,168.0000,18480
6849,periodic,168.0000,11424
6850,periodic,168.0000,11424
6851,periodic,168.0000,10080
6852,periodic,168.0000,5376
6853,periodic,168.0000,5040
6854,periodic,168.0000,5040
6855,periodic,168.0000,18144
6856,periodic,168.0000,78960
6857,periodic,168.0000,5040
6858,periodic,168.0000,14112
6859,periodic,168.0000,56112
6860,periodic,168.0000,5040
6861,periodic,168.0000,5040
6862,periodic,168.0000,6384
6863,periodic,168.0000,17136
6864,periodic,168.0000,16464
6865,periodic,168.0000,114240
6866,periodic,168.0000,12096
6867,periodic,168.0000,51072
6868,periodic,168.0000,14784
6869,periodic,168.0000,15120
6870,periodic,168.0000,12432
6871,periodic,168.0000,5040
6872,periodic,168.0000,5376
6873,periodic,168.0000,5040
6874,periodic,168.0000,5040
6875,periodic,168.0000,5040
6876,periodic,168.0000,18480
6877,periodic,168.0000,15456
6878,periodic,168.0000,29568
6879,periodic,168.0000,9072
6880,periodic,168.0000,5040
6881,periodic,168.0000,6720
6882,periodic,168.0000,5712
6883,periodic,168.0000,5040
6884,periodic,168.0000,25200
6885,periodic,168.0000,31584
6886,periodic,168.0000,5040
6887,periodic,168.0000,5376
6888,periodic,168.0000,38976
6889,periodic,168.0000,8736
6890,periodic,168.0000,44688
6891,periodic,168.0000,6384
6892,periodic,168.0000,5712
6893,periodic,168.0000,5040
6894,periodic,168.0000,5040
6895,periodic,168.0000,5040
6896,periodic,168.0000,6048
6897,periodic,168.0000,15120
6898,periodic,168.0000,14448
6899,periodic,168.0000,12768
6900,periodic,168.0000,14112
6901,periodic,168.0000,12432
6902,periodic,168.0000,5040
6903,periodic,168.0000,20496
6904,periodic,168.0000,16464
6905,periodic,168.0000,5040
6906,periodic,168.0000,13104
6907,periodic,168.0000,5040
6908,periodic,168.0000,8736
6909,periodic,168.0000,64848
6910,periodic,168.0000,24528
6911,periodic,168.0000,18480
6912,periodic,168.0000,5040
6913,periodic,168.0000,19488
6914,periodic,168.0000,51744
6915,periodic,168.0000,13104
6916,periodic,168.0000,8400
6917,periodic,168.0000,12096
6918,periodic,168.0000,35616
6919,periodic,168.0000,28896
6920,periodic,168.0000,17136
6921,periodic,168.0000,12096
6922,periodic,168.0000,9072
6923,periodic,168.0000,5040
6924,periodic,168.0000,5040
6925,periodic,168.0000,6048
6926,periodic,168.0000,44016
6927,periodic,168.0000,12432
6928,periodic,168.0000,27888
6929,periodic,168.0000,5040
6930,periodic,168.0000,60144
6931,periodic,168.0000,11424
6932,periodic,168.0000,5376
6933,periodic,168.0000,6048
6934,periodic,168.0000,6720
6935,periodic,168.0000,19488
6936,periodic,168.0000,20496
6937,periodic,168.0000,28224
6938,periodic,168.0000,5376
6939,periodic,168.0000,5712
6940,periodic,168.0000,12768
6941,periodic,168.0000,35952
6942,periodic,168.0000,5040
6943,periodic,168.0000,11760
6944,periodic,168.0000,6720
6945,periodic,168.0000,18144
6946,periodic,168.0000,27888
6947,periodic,168.0000,108192
6948,periodic,168.0000,5040
6949,periodic,168.0000,73584
6950,periodic,168.0000,15792
6951,periodic,168.0000,5040
6952,periodic,168.0000,11088
6953,periodic,168.0000,6048
6954,periodic,168.0000,5040
6955,periodic,168.0000,24192
6956,periodic,168.0000,5040
6957,periodic,168.0000,6720
6958,periodic,168.0000,12432
6959,periodic,168.0000,6720
6960,periodic,168.0000,25872
6961,periodic,168.0000,6048
6962,periodic,168.0000,12096
6963,periodic,168.0000,8064
6964,periodic,168.0000,8064
6965,periodic,168.0000,8400
6966,periodic,168.0000,63504
6967,periodic,168.0000,5712
6968,periodic,168.0000,12768
6969,periodic,168.0000,5040
6970,periodic,168.0000,14448
6971,periodic,168.0000,5712
6972,periodic,168.0000,5040
6973,periodic,168.0000,15792
6974,periodic,168.0000,23520
6975,periodic,168.0000,7728
6976,periodic,168.0000,113232
6977,periodic,168.0000,5040
6978,periodic,168.0000,5040
6979,periodic,168.0000,5040
6980,periodic,168.0000,10080
6981,periodic,168.0000,11760
6982,periodic,168.0000,46032
6983,periodic,168.0000,33600
6984,periodic,168.0000,28560
6985,periodic,168.0000,9408
6986,periodic,168.0000,8064
6987,periodic,168.0000,34608
6988,periodic,168.0000,16128
6989,periodic,168.0000,17472
6990,periodic,168.0000,11760
6991,periodic,168.0000,9072
6992,periodic,168.0000,26544
6993,periodic,168.0000,9072
6994,periodic,168.0000,7728
6995,periodic,168.0000,28224
6996,periodic,168.0000,5712
6997,periodic,168.0000,5040
6998,periodic,168.0000,5376
6999,periodic,168.0000,5040
7000,periodic,168.0000,12432
7001,periodic,168.0000,52416
7002,periodic,168.0000,5040
7003,periodic,168.0000,5376
7004,periodic,168.0000,13440
7005,periodic,168.0000,5040
7006,periodic,168.0000,5040
7007,periodic,168.0000,5040
7008,periodic,168.0000,5040
7009,periodic,168.0000,6048
7010,periodic,168.0000,36960
7011,periodic,168.0000,39312
7012,periodic,168.0000,32592
7013,periodic,168.0000,73920
7014,periodic,168.0000,5040
7015,periodic,168.0000,6048
7016,periodic,168.0000,31920
7017,periodic,168.0000,18144
7018,periodic,168.0000,90384
7019,periodic,168.0000,27216
7020,periodic,168.0000,18144
7021,periodic,168.0000,21840
7022,periodic,168.0000,13776
7023,periodic,168.0000,42336
7024,periodic,168.0000,5040
7025,periodic,168.0000,8064
7026,periodic,168.0000,14784
7027,periodic,168.0000,7728
7028,periodic,168.0000,23184
7029,periodic,168.0000,11088
7030,periodic,168.0000,12096
7031,periodic,168.0000,6048
7032,periodic,168.0000,40992
7033,periodic,168.0000,19488
7034,periodic,168.0000,7392
7035,periodic,168.0000,5040
7036,periodic,168.0000,10416
7037,periodic,168.0000,5040
7038,periodic,168.0000,5040
7039,periodic,168.0000,15120
7040,periodic,168.0000,52080
7041,periodic,168.0000,5040
7042,periodic,168.0000,5040
7043,periodic,168.0000,5040
7044,periodic,168.0000,9408
7045,periodic,168.0000,19488
7046,periodic,168.0000,7392
7047,periodic,168.0000,27216
7048,periodic,168.0000,7728
7049,periodic,168.0000,7056
7050,periodic,168.0000,11760
7051,periodic,168.0000,8064
7052,periodic,168.0000,5376
7053,periodic,168.0000,5040
7054,periodic,168.0000,18480
7055,periodic,168.0000,45360
7056,periodic,168.0000,13776
7057,periodic,168.0000,23184
7058,periodic,168.0000,17808
7059,periodic,168.0000,12096
7060,periodic,168.0000,17472
7061,periodic,168.0000,15792
7062,periodic,168.0000,6048
7063,periodic,168.0000,47712
7064,periodic,168.0000,5712
7065,periodic,168.0000,15120
7066,periodic,168.0000,25536
7067,periodic,168.0000,5712
7068,periodic,168.0000,10416
7069,periodic,168.0000,5040
7070,periodic,168.0000,6048
7071,periodic,168.0000,5040
7072,periodic,168.0000,5040
7073,periodic,168.0000,17472
7074,periodic,168.0000,49728
7075,periodic,168.0000,5712
7076,periodic,168.0000,36960
7077,periodic,168.0000,7392
7078,periodic,168.0000,9744
7079,periodic,168.0000,5712
7080,periodic,168.0000,19824
7081,periodic,168.0000,21840
7082,periodic,168.0000,34944
7083,periodic,168.0000,33264
7084,periodic,168.0000,5376
7085,periodic,168.0000,12096
7086,periodic,168.0000,76272
7087,periodic,168.0000,47376
7088,periodic,168.0000,5040
7089,periodic,168.0000,5712
7090,periodic,168.0000,12432
7091,periodic,168.0000,39648
7092,periodic,168.0000,38976
7093,periodic,168.0000,7056
7094,periodic,168.0000,6048
7095,periodic,168.0000,8400
7096,periodic,168.0000,11760
7097,periodic,168.0000,5040
7098,periodic,168.0000,19824
7099,periodic,168.0000,5712
7100,periodic,168.0000,14784
7101,periodic,168.0000,5040
7102,periodic,168.0000,14448
7103,periodic,168.0000,6048
7104,periodic,168.0000,64848
7105,periodic,168.0000,25536
7106,periodic,168.0000,7392
7107,periodic,168.0000,5040
7108,periodic,168.0000,11424
7109,periodic,168.0000,40656
7110,periodic,168.0000,37296
7111,periodic,168.0000,5040
7112,periodic,168.0000,23520
7113,periodic,168.0000,13776
7114,periodic,168.0000,6048
7115,periodic,168.0000,11088
7116,periodic,168.0000,88368
7117,periodic,168.0000,5040
7118,periodic,168.0000,12768
7119,periodic,168.0000,10080
7120,periodic,168.0000,8736
7121,periodic,168.0000,5712
7122,periodic,168.0000,13104
7123,periodic,168.0000,12768
7124,periodic,168.0000,92400
7125,periodic,168.0000,14448
7126,periodic,168.0000,65856
7127,periodic,168.0000,23856
7128,periodic,168.0000,9744
7129,periodic,168.0000,11088
7130,periodic,168.0000,38640
7131,periodic,168.0000,25536
7132,periodic,168.0000,5040
7133,periodic,168.0000,116256
7134,periodic,168.0000,7728
7135,periodic,168.0000,5040
7136,periodic,168.0000,5040
7137,periodic,168.0000,6720
7138,periodic,168.0000,5040
7139,periodic,168.0000,6048
7140,periodic,168.0000,62160
7141,periodic,168.0000,12096
7142,periodic,168.0000,9408
7143,periodic,168.0000,5040
7144,periodic,168.0000,5040
7145,periodic,168.0000,37968
7146,periodic,168.0000,44016
7147,periodic,168.0000,9072
7148,periodic,168.0000,35952
7149,periodic,168.0000,20160
7150,periodic,168.0000,5712
7151,periodic,168.0000,13104
7152,periodic,168.0000,56784
7153,periodic,168.0000,5040
7154,periodic,168.0000,23184
7155,periodic,168.0000,6384
7156,periodic,168.0000,13776
7157,periodic,168.0000,25872
7158,periodic,168.0000,15456
7159,periodic,168.0000,5040
7160,periodic,168.0000,6720
7161,periodic,168.0000,17808
7162,periodic,168.0000,12432
7163,periodic,168.0000,23184
7164,periodic,168.0000,18144
7165,periodic,168.0000,5040
7166,periodic,168.0000,12096
7167,periodic,168.0000,9408
7168,periodic,168.0000,50064
7169,periodic,168.0000,20160
7170,periodic,168.0000,7392
7171,periodic,168.0000,12432
7172,periodic,168.0000,8064
7173,periodic,168.0000,5376
7174,periodic,168.0000,6720
7175,periodic,168.0000,5712
7176,periodic,168.0000,5712
7177,periodic,168.0000,8736
7178,periodic,168.0000,5040
7179,periodic,168.0000,18480
7180,periodic,168.0000,13440
7181,periodic,168.0000,5040
7182,periodic,168.0000,5040
7183,periodic,168.0000,17808
7184,periodic,168.0000,14784
7185,periodic,168.0000,5712
7186,periodic,168.0000,5040
7187,periodic,168.0000,19488
7188,periodic,168.0000,5040
7189,periodic,168.0000,35616
7190,periodic,168.0000,5040
7191,periodic,168.0000,29568
7192,periodic,168.0000,56112
7193,periodic,168.0000,11088
7194,periodic,168.0000,12768
7195,periodic,168.0000,13776
7196,periodic,168.0000,6048
7197,periodic,168.0000,22848
7198,periodic,168.0000,24528
7199,periodic,168.0000,5040
7200,periodic,168.0000,6720
7201,periodic,168.0000,16800
7202,periodic,168.0000,5040
7203,periodic,168.0000,19824
7204,periodic,168.0000,9408
7205,periodic,168.0000,6720
7206,periodic,168.0000,9072
7207,periodic,168.0000,14112
7208,periodic,168.0000,54096
7209,periodic,168.0000,10752
7210,periodic,168.0000,10080
7211,periodic,168.0000,5040
7212,periodic,168.0000,15120
7213,periodic,168.0000,5040
7214,periodic,168.0000,7392
7215,periodic,168.0000,5712
7216,periodic,168.0000,7728
7217,periodic,168.0000,18144
7218,periodic,168.0000,28896
7219,periodic,168.0000,5376
7220,periodic,168.0000,10752
7221,periodic,168.0000,27216
7222,periodic,168.0000,42672
7223,periodic,168.0000,8400
7224,periodic,168.0000,5712
7225,periodic,168.0000,9072
7226,periodic,168.0000,5376
7227,periodic,168.0000,5040
7228,periodic,168.0000,6048
7229,periodic,168.0000,12096
7230,periodic,168.0000,6048
7231,periodic,168.0000,5040
7232,periodic,168.0000,13104
7233,periodic,168.0000,5712
7234,periodic,168.0000,59472
7235,periodic,168.0000,7392
7236,periodic,168.0000,6384
7237,periodic,168.0000,5040
7238,periodic,168.0000,25872
7239,periodic,168.0000,5712
7240,periodic,168.0000,19152
7241,periodic,168.0000,9072
7242,periodic,168.0000,23520
7243,periodic,168.0000,25536
7244,periodic,168.0000,5376
7245,periodic,168.0000,57456
7246,periodic,168.0000,8064
7247,periodic,168.0000,5040
7248,periodic,168.0000,5376
7249,periodic,168.0000,5712
7250,periodic,168.0000,6384
7251,periodic,168.0000,5040
7252,periodic,168.0000,5376
7253,periodic,168.0000,5040
7254,periodic,168.0000,6384
7255,periodic,168.0000,5040
7256,periodic,168.0000,59136
7257,periodic,168.0000,5040
7258,periodic,168.0000,15456
7259,periodic,168.0000,49392
7260,periodic,168.0000,7056
7261,periodic,168.0000,15456
7262,periodic,168.0000,5040
7263,periodic,168.0000,13104
7264,periodic,168.0000,6048
7265,periodic,168.0000,11088
7266,periodic,168.0000,9072
7267,periodic,168.0000,5040
7268,periodic,168.0000,11760
7269,periodic,168.0000,46704
7270,periodic,168.0000,7728
7271,periodic,168.0000,20496
7272,periodic,168.0000,5040
7273,periodic,168.0000,52416
7274,periodic,168.0000,19824
7275,periodic,168.0000,5376
7276,periodic,168.0000,21840
7277,periodic,168.0000,5040
7278,periodic,168.0000,95424
7279,periodic,168.0000,10752
7280,periodic,168.0000,7056
7281,periodic,168.0000,8064
7282,periodic,168.0000,12768
7283,periodic,168.0000,11760
7284,periodic,168.0000,18816
7285,periodic,168.0000,5040
7286,periodic,168.0000,43344
7287,periodic,168.0000,5040
7288,periodic,168.0000,5712
7289,periodic,168.0000,5376
7290,periodic,168.0000,5040
7291,periodic,168.0000,20832
7292,periodic,168.0000,6048
7293,periodic,168.0000,16800
7294,periodic,168.0000,11760
7295,periodic,168.0000,9072
7296,periodic,168.0000,7392
7297,periodic,168.0000,5376
7298,periodic,168.0000,6720
7299,periodic,168.0000,5376
7300,periodic,168.0000,13440
7301,periodic,168.0000,15792
7302,periodic,168.0000,9408
7303,periodic,168.0000,5040
7304,periodic,168.0000,12096
7305,periodic,168.0000,27216
7306,periodic,168.0000,21504
7307,periodic,168.0000,15456
7308,periodic,168.0000,5040
7309,periodic,168.0000,12096
7310,periodic,168.0000,5040
7311,periodic,168.0000,40320
7312,periodic,168.0000,25536
7313,periodic,168.0000,60480
7314,periodic,168.0000,5040
7315,periodic,168.0000,9744
7316,periodic,168.0000,5712
7317,periodic,168.0000,20160
7318,periodic,168.0000,8736
7319,periodic,168.0000,5040
7320,periodic,168.0000,5040
7321,periodic,168.0000,30912
7322,periodic,168.0000,5376
7323,periodic,168.0000,27888
7324,periodic,168.0000,14784
7325,periodic,168.0000,33264
7326,periodic,168.0000,124656
7327,periodic,168.0000,14784
7328,periodic,168.0000,26880
7329,periodic,168.0000,10752
7330,periodic,168.0000,7392
7331,periodic,168.0000,23184
7332,periodic,168.0000,24192
7333,periodic,168.0000,14112
7334,periodic,168.0000,16800
7335,periodic,168.0000,6048
7336,periodic,168.0000,5040
7337,periodic,168.0000,9072
7338,periodic,168.0000,9744
7339,periodic,168.0000,5040
7340,periodic,168.0000,5040
7341,periodic,168.0000,7392
7342,periodic,168.0000,9072
7343,periodic,168.0000,9072
7344,periodic,168.0000,5040
7345,periodic,168.0000,23520
7346,periodic,168.0000,5040
7347,periodic,168.0000,5040
7348,periodic,168.0000,9072
7349,periodic,168.0000,31920
7350,periodic,168.0000,52416
7351,periodic,168.0000,5040
7352,periodic,168.0000,9744
7353,periodic,168.0000,5712
7354,periodic,168.0000,5040
7355,periodic,168.0000,5040
7356,periodic,168.0000,5712
7357,periodic,168.0000,5040
7358,periodic,168.0000,5040
7359,periodic,168.0000,15120
7360,periodic,168.0000,20160
7361,periodic,168.0000,19488
7362,periodic,168.0000,5040
7363,periodic,168.0000,5712
7364,periodic,168.0000,33936
7365,periodic,168.0000,22848
7366,periodic,168.0000,26544
7367,periodic,168.0000,25200
7368,periodic,168.0000,6384
7369,periodic,168.0000,5376
7370,periodic,168.0000,20160
7371,periodic,168.0000,5040
7372,periodic,168.0000,8064
7373,periodic,168.0000,22848
7374,periodic,168.0000,16800
7375,periodic,168.0000,19488
7376,periodic,168.0000,11088
7377,periodic,168.0000,5040
7378,periodic,168.0000,17472
7379,periodic,168.0000,5376
7380,periodic,168.0000,5040
7381,periodic,168.0000,12432
7382,periodic,168.0000,29232
7383,periodic,168.0000,5040
7384,periodic,168.0000,119952
7385,periodic,168.0000,8400
7386,periodic,168.0000,9072
7387,periodic,168.0000,14784
7388,periodic,168.0000,36960
7389,periodic,168.0000,21840
7390,periodic,168.0000,5040
7391,periodic,168.0000,5712
7392,periodic,168.0000,8400
7393,periodic,168.0000,28560
7394,periodic,168.0000,5040
7395,periodic,168.0000,54768
7396,periodic,168.0000,6384
7397,periodic,168.0000,7392
7398,periodic,168.0000,21504
7399,periodic,168.0000,6048
7400,periodic,168.0000,14112
7401,periodic,168.0000,43008
7402,periodic,168.0000,5376
7403,periodic,168.0000,6384
7404,periodic,168.0000,12096
7405,periodic,168.0000,29568
7406,periodic,168.0000,43344
7407,periodic,168.0000,15120
7408,periodic,168.0000,9744
7409,periodic,168.0000,34944
7410,periodic,168.0000,7056
7411,periodic,168.0000,62496
7412,periodic,168.0000,14784
7413,periodic,168.0000,21840
7414,periodic,168.0000,31248
7415,periodic,168.0000,32256
7416,periodic,168.0000,5040
7417,periodic,168.0000,5712
7418,periodic,168.0000,13440
7419,periodic,168.0000,20496
7420,periodic,168.0000,5040
7421,periodic,168.0000,5040
7422,periodic,168.0000,5040
7423,periodic,168.0000,9072
7424,periodic,168.0000,6720
7425,periodic,168.0000,86352
7426,periodic,168.0000,20160
7427,periodic,168.0000,10752
7428,periodic,168.0000,5040
7429,periodic,168.0000,55104
7430,periodic,168.0000,5712
7431,periodic,168.0000,5040
7432,periodic,168.0000,5040
7433,periodic,168.0000,15456
7434,periodic,168.0000,6384
7435,periodic,168.0000,9408
7436,periodic,168.0000,17472
7437,periodic,168.0000,5040
7438,periodic,168.0000,13776
7439,periodic,168.0000,10080
7440,periodic,168.0000,5040
7441,periodic,168.0000,23856
7442,periodic,168.0000,6384
7443,periodic,168.0000,35280
7444,periodic,168.0000,19488
7445,periodic,168.0000,18816
7446,periodic,168.0000,9072
7447,periodic,168.0000,5712
7448,periodic,168.0000,5040
7449,periodic,168.0000,5040
7450,periodic,168.0000,9744
7451,periodic,168.0000,5040
7452,periodic,168.0000,5376
7453,periodic,168.0000,8736
7454,periodic,168.0000,6048
7455,periodic,168.0000,18144
7456,periodic,168.0000,59808
7457,periodic,168.0000,5040
7458,periodic,168.0000,5040
7459,periodic,168.0000,27888
7460,periodic,168.0000,5040
7461,periodic,168.0000,8400
7462,periodic,168.0000,15120
7463,periodic,168.0000,11088
7464,periodic,168.0000,8400
7465,periodic,168.0000,23856
7466,periodic,168.0000,5040
7467,periodic,168.0000,23520
7468,periodic,168.0000,83328
7469,periodic,168.0000,14112
7470,periodic,168.0000,13104
7471,periodic,168.0000,9072
7472,periodic,168.0000,5040
7473,periodic,168.0000,9072
7474,periodic,168.0000,5712
7475,periodic,168.0000,5040
7476,periodic,168.0000,5376
7477,periodic,168.0000,55776
7478,periodic,168.0000,21168
7479,periodic,168.0000,12768
7480,periodic,168.0000,26208
7481,periodic,168.0000,5040
7482,periodic,168.0000,5040
7483,periodic,168.0000,5712
7484,periodic,168.0000,7056
7485,periodic,168.0000,8064
7486,periodic,168.0000,10416
7487,periodic,168.0000,5040
7488,periodic,168.0000,5040
7489,periodic,168.0000,52752
7490,periodic,168.0000,19824
7491,periodic,168.0000,90384
7492,periodic,168.0000,13104
7493,periodic,168.0000,42336
7494,periodic,168.0000,7728
7495,periodic,168.0000,5376
7496,periodic,168.0000,16800
7497,periodic,168.0000,7728
7498,periodic,168.0000,5712
7499,periodic,168.0000,38304
7500,periodic,168.0000,5040
7501,periodic,168.0000,5040
7502,periodic,168.0000,25872
7503,periodic,168.0000,127680
7504,periodic,168.0000,73920
7505,periodic,168.0000,5040
7506,periodic,168.0000,7056
7507,periodic,168.0000,52752
7508,periodic,168.0000,9744
7509,periodic,168.0000,5040
7510,periodic,168.0000,5040
7511,periodic,168.0000,15792
7512,periodic,168.0000,8736
7513,periodic,168.0000,5040
7514,periodic,168.0000,7056
7515,periodic,168.0000,9744
7516,periodic,168.0000,5040
7517,periodic,168.0000,5712
7518,periodic,168.0000,5040
7519,periodic,168.0000,22512
7520,periodic,168.0000,11088
7521,periodic,168.0000,5040
7522,periodic,168.0000,18480
7523,periodic,168.0000,27216
7524,periodic,168.0000,5040
7525,periodic,168.0000,6048
7526,periodic,168.0000,9072
7527,periodic,168.0000,37296
7528,periodic,168.0000,5712
7529,periodic,168.0000,5040
7530,periodic,168.0000,23184
7531,periodic,168.0000,30912
7532,periodic,168.0000,5040
7533,periodic,168.0000,39312
7534,periodic,168.0000,5712
7535,periodic,168.0000,5712
7536,periodic,168.0000,5040
7537,periodic,168.0000,6720
7538,periodic,168.0000,24528
7539,periodic,168.0000,5040
7540,periodic,168.0000,18144
7541,periodic,168.0000,6048
7542,periodic,168.0000,13440
7543,periodic,168.0000,16128
7544,periodic,168.0000,5712
7545,periodic,168.0000,6048
7546,periodic,168.0000,5040
7547,periodic,168.0000,20832
7548,periodic,168.0000,5376
7549,periodic,168.0000,11760
7550,periodic,168.0000,22176
7551,periodic,168.0000,8736
7552,periodic,168.0000,7392
7553,periodic,168.0000,15792
7554,periodic,168.0000,5040
7555,periodic,168.0000,5376
7556,periodic,168.0000,22848
7557,periodic,168.0000,7728
7558,periodic,168.0000,30576
7559,periodic,168.0000,61824
7560,periodic,168.0000,5040
7561,periodic,168.0000,34944
7562,periodic,168.0000,6384
7563,periodic,168.0000,5040
7564,periodic,168.0000,6720
7565,periodic,168.0000,8400
7566,periodic,168.0000,15120
7567,periodic,168.0000,16128
7568,periodic,168.0000,31248
7569,periodic,168.0000,30240
7570,periodic,168.0000,7392
7571,periodic,168.0000,6384
7572,periodic,168.0000,5040
7573,periodic,168.0000,8400
7574,periodic,168.0000,35280
7575,periodic,168.0000,70560
7576,periodic,168.0000,17136
7577,periodic,168.0000,10080
7578,periodic,168.0000,20832
7579,periodic,168.0000,5040
7580,periodic,168.0000,5712
7581,periodic,168.0000,11424
7582,periodic,168.0000,5040
7583,periodic,168.0000,9072
7584,periodic,168.0000,5040
7585,periodic,168.0000,17808
7586,periodic,168.0000,5376
7587,periodic,168.0000,12096
7588,periodic,168.0000,5376
7589,periodic,168.0000,27216
7590,periodic,168.0000,5712
7591,periodic,168.0000,5712
7592,periodic,168.0000,5040
7593,periodic,168.0000,6384
7594,periodic,168.0000,5712
7595,periodic,168.0000,17472
7596,periodic,168.0000,5040
7597,periodic,168.0000,5040
7598,periodic,168.0000,5040
7599,periodic,168.0000,5376
7600,periodic,168.0000,41328
7601,periodic,168.0000,27888
7602,periodic,168.0000,13776
7603,periodic,168.0000,17472
7604,periodic,168.0000,13440
7605,periodic,168.0000,20160
7606,periodic,168.0000,5040
7607,periodic,168.0000,74256
7608,periodic,168.0000,17136
7609,periodic,168.0000,5040
7610,periodic,168.0000,21504
7611,periodic,168.0000,17808
7612,periodic,168.0000,14112
7613,periodic,168.0000,5040
7614,periodic,168.0000,81984
7615,periodic,168.0000,15792
7616,periodic,168.0000,11424
7617,periodic,168.0000,14784
7618,periodic,168.0000,16464
7619,periodic,168.0000,11088
7620,periodic,168.0000,10416
7621,periodic,168.0000,6720
7622,periodic,168.0000,5040
7623,periodic,168.0000,13104
7624,periodic,168.0000,5376
7625,periodic,168.0000,5376
7626,periodic,168.0000,39312
7627,periodic,168.0000,8400
7628,periodic,168.0000,18480
7629,periodic,168.0000,5040
7630,periodic,168.0000,5040
7631,periodic,168.0000,5040
7632,periodic,168.0000,8736
7633,periodic,168.0000,8400
7634,periodic,168.0000,41664
7635,periodic,168.0000,12432
7636,periodic,168.0000,5040
7637,periodic,168.0000,10416
7638,periodic,168.0000,5376
7639,periodic,168.0000,5040
7640,periodic,168.0000,27216
7641,periodic,168.0000,5712
7642,periodic,168.0000,15456
7643,periodic,168.0000,5712
7644,periodic,168.0000,5040
7645,periodic,168.0000,36624
7646,periodic,168.0000,12432
7647,periodic,168.0000,5040
7648,periodic,168.0000,57792
7649,periodic,168.0000,22512
7650,periodic,168.0000,9072
7651,periodic,168.0000,5040
7652,periodic,168.0000,33936
7653,periodic,168.0000,20496
7654,periodic,168.0000,17136
7655,periodic,168.0000,6384
7656,periodic,168.0000,8064
7657,periodic,168.0000,5040
7658,periodic,168.0000,5040
7659,periodic,168.0000,15792
7660,periodic,168.0000,9408
7661,periodic,168.0000,11760
7662,periodic,168.0000,23520
7663,periodic,168.0000,5040
7664,periodic,168.0000,5712
7665,periodic,168.0000,15120
7666,periodic,168.0000,5040
7667,periodic,168.0000,5040
7668,periodic,168.0000,5040
7669,periodic,168.0000,30576
7670,periodic,168.0000,15792
7671,periodic,168.0000,31920
7672,periodic,168.0000,5712
7673,periodic,168.0000,5040
7674,periodic,168.0000,5040
7675,periodic,168.0000,56112
7676,periodic,168.0000,14112
7677,periodic,168.0000,5040
7678,periodic,168.0000,29904
7679,periodic,168.0000,5040
7680,periodic,168.0000,5040
7681,periodic,168.0000,112560
7682,periodic,168.0000,12096
7683,periodic,168.0000,5040
7684,periodic,168.0000,22176
7685,periodic,168.0000,5376
7686,periodic,168.0000,8736
7687,periodic,168.0000,5040
7688,periodic,168.0000,6048
7689,periodic,168.0000,5040
7690,periodic,168.0000,32256
7691,periodic,168.0000,5040
7692,periodic,168.0000,6048
7693,periodic,168.0000,15792
7694,periodic,168.0000,29232
7695,periodic,168.0000,5040
7696,periodic,168.0000,5040
7697,periodic,168.0000,19152
7698,periodic,168.0000,5040
7699,periodic,168.0000,5040
7700,periodic,168.0000,20160
7701,periodic,168.0000,5040
7702,periodic,168.0000,5040
7703,periodic,168.0000,5040
7704,periodic,168.0000,18480
7705,periodic,168.0000,17136
7706,periodic,168.0000,5040
7707,periodic,168.0000,5040
7708,periodic,168.0000,15120
7709,periodic,168.0000,5040
7710,periodic,168.0000,6384
7711,periodic,168.0000,6720
7712,periodic,168.0000,5040
7713,periodic,168.0000,53760
7714,periodic,168.0000,8736
7715,periodic,168.0000,22848
7716,periodic,168.0000,11088
7717,periodic,168.0000,5376
7718,periodic,168.0000,6720
7719,periodic,168.0000,5376
7720,periodic,168.0000,11760
7721,periodic,168.0000,31248
7722,periodic,168.0000,5040
7723,periodic,168.0000,5040
7724,periodic,168.0000,19824
7725,periodic,168.0000,11424
7726,periodic,168.0000,20160
7727,periodic,168.0000,24192
7728,periodic,168.0000,10752
7729,periodic,168.0000,5040
7730,periodic,168.0000,14784
7731,periodic,168.0000,6384
7732,periodic,168.0000,76608
7733,periodic,168.0000,6048
7734,periodic,168.0000,5040
7735,periodic,168.0000,5040
7736,periodic,168.0000,5712
7737,periodic,168.0000,5040
7738,periodic,168.0000,28896
7739,periodic,168.0000,51744
7740,periodic,168.0000,5040
7741,periodic,168.0000,5712
7742,periodic,168.0000,5040
7743,periodic,168.0000,5040
7744,periodic,168.0000,23184
7745,periodic,168.0000,6384
7746,periodic,168.0000,7056
7747,periodic,168.0000,14448
7748,periodic,168.0000,9744
7749,periodic,168.0000,8400
7750,periodic,168.0000,12096
7751,periodic,168.0000,13104
7752,periodic,168.0000,5712
7753,periodic,168.0000,15456
7754,periodic,168.0000,9072
7755,periodic,168.0000,5040
7756,periodic,168.0000,10752
7757,periodic,168.0000,21840
7758,periodic,168.0000,13104
7759,periodic,168.0000,5040
7760,periodic,168.0000,5040
7761,periodic,168.0000,12096
7762,periodic,168.0000,5712
7763,periodic,168.0000,19488
7764,periodic,168.0000,59472
7765,periodic,168.0000,5040
7766,periodic,168.0000,5712
7767,periodic,168.0000,39984
7768,periodic,168.0000,6720
7769,periodic,168.0000,27216
7770,periodic,168.0000,5712
7771,periodic,168.0000,5040
7772,periodic,168.0000,8736
7773,periodic,168.0000,5712
7774,periodic,168.0000,50064
7775,periodic,168.0000,5040
7776,periodic,168.0000,10416
7777,periodic,168.0000,15120
7778,periodic,168.0000,9408
7779,periodic,168.0000,9408
7780,periodic,168.0000,20496
7781,periodic,168.0000,17136
7782,periodic,168.0000,27888
7783,periodic,168.0000,26208
7784,periodic,168.0000,5040
7785,periodic,168.0000,16464
7786,periodic,168.0000,32928
7787,periodic,168.0000,11088
7788,periodic,168.0000,5040
7789,periodic,168.0000,5712
7790,periodic,168.0000,27888
7791,periodic,168.0000,5040
7792,periodic,168.0000,5040
7793,periodic,168.0000,12432
7794,periodic,168.0000,5040
7795,periodic,168.0000,12768
7796,periodic,168.0000,6048
7797,periodic,168.0000,12432
7798,periodic,168.0000,5376
7799,periodic,168.0000,5040
7800,periodic,168.0000,21504
7801,periodic,168.0000,5040
7802,periodic,168.0000,77952
7803,periodic,168.0000,7728
7804,periodic,168.0000,18480
7805,periodic,168.0000,7056
7806,periodic,168.0000,15456
7807,periodic,168.0000,5040
7808,periodic,168.0000,21840
7809,periodic,168.0000,10752
7810,periodic,168.0000,5040
7811,periodic,168.0000,6048
7812,periodic,168.0000,5040
7813,periodic,168.0000,18816
7814,periodic,168.0000,19488
7815,periodic,168.0000,9744
7816,periodic,168.0000,48720
7817,periodic,168.0000,10416
7818,periodic,168.0000,5040
7819,periodic,168.0000,5040
7820,periodic,168.0000,5040
7821,periodic,168.0000,5040
7822,periodic,168.0000,70560
7823,periodic,168.0000,6720
7824,periodic,168.0000,10416
7825,periodic,168.0000,25872
7826,periodic,168.0000,8736
7827,periodic,168.0000,11760
7828,periodic,168.0000,8736
7829,periodic,168.0000,5040
7830,periodic,168.0000,13440
7831,periodic,168.0000,24528
7832,periodic,168.0000,9072
7833,periodic,168.0000,8736
7834,periodic,168.0000,5376
7835,periodic,168.0000,26544
7836,periodic,168.0000,44688
7837,periodic,168.0000,20832
7838,periodic,168.0000,11088
7839,periodic,168.0000,10080
7840,periodic,168.0000,15120
7841,periodic,168.0000,7056
7842,periodic,168.0000,8064
7843,periodic,168.0000,11088
7844,periodic,168.0000,5040
7845,periodic,168.0000,6048
7846,periodic,168.0000,13104
7847,periodic,168.0000,14448
7848,periodic,168.0000,32256
7849,periodic,168.0000,13776
7850,periodic,168.0000,5040
7851,periodic,168.0000,49392
7852,periodic,168.0000,11424
7853,periodic,168.0000,5040
7854,periodic,168.0000,5040
7855,periodic,168.0000,9072
7856,periodic,168.0000,40656
7857,periodic,168.0000,5040
7858,periodic,168.0000,16800
7859,periodic,168.0000,5376
7860,periodic,168.0000,6048
7861,periodic,168.0000,5040
7862,periodic,168.0000,6720
7863,periodic,168.0000,5040
7864,periodic,168.0000,10080
7865,periodic,168.0000,32592
7866,periodic,168.0000,5712
7867,periodic,168.0000,5040
7868,periodic,168.0000,15456
7869,periodic,168.0000,5040
7870,periodic,168.0000,5040
7871,periodic,168.0000,39312
7872,periodic,168.0000,12432
7873,periodic,168.0000,5040
7874,periodic,168.0000,5040
7875,periodic,168.0000,12432
7876,periodic,168.0000,51744
7877,periodic,168.0000,9744
7878,periodic,168.0000,5040
7879,periodic,168.0000,5040
7880,periodic,168.0000,9072
7881,periodic,168.0000,5040
7882,periodic,168.0000,5040
7883,periodic,168.0000,14448
7884,periodic,168.0000,27216
7885,periodic,168.0000,9744
7886,periodic,168.0000,5040
7887,periodic,168.0000,20160
7888,periodic,168.0000,5040
7889,periodic,168.0000,6384
7890,periodic,168.0000,9744
7891,periodic,168.0000,5040
7892,periodic,168.0000,5040
7893,periodic,168.0000,5040
7894,periodic,168.0000,5712
7895,periodic,168.0000,7056
7896,periodic,168.0000,63840
7897,periodic,168.0000,5040
7898,periodic,168.0000,5712
7899,periodic,168.0000,35616
7900,periodic,168.0000,7392
7901,periodic,168.0000,16464
7902,periodic,168.0000,12096
7903,periodic,168.0000,21840
7904,periodic,168.0000,5712
7905,periodic,168.0000,13440
7906,periodic,168.0000,24528
7907,periodic,168.0000,5040
7908,periodic,168.0000,6048
7909,periodic,168.0000,5040
7910,periodic,168.0000,38304
7911,periodic,168.0000,64176
7912,periodic,168.0000,12768
7913,periodic,168.0000,29904
7914,periodic,168.0000,5376
7915,periodic,168.0000,12096
7916,periodic,168.0000,7392
7917,periodic,168.0000,56784
7918,periodic,168.0000,6720
7919,periodic,168.0000,17808
7920,periodic,168.0000,5040
7921,periodic,168.0000,5040
7922,periodic,168.0000,18144
7923,periodic,168.0000,11088
7924,periodic,168.0000,5040
7925,periodic,168.0000,26544
7926,periodic,168.0000,7392
7927,periodic,168.0000,7728
7928,periodic,168.0000,5040
7929,periodic,168.0000,25200
7930,periodic,168.0000,8064
7931,periodic,168.0000,5376
7932,periodic,168.0000,29232
7933,periodic,168.0000,5040
7934,periodic,168.0000,9408
7935,periodic,168.0000,19152
7936,periodic,168.0000,26880
7937,periodic,168.0000,6720
7938,periodic,168.0000,26208
7939,periodic,168.0000,12096
7940,periodic,168.0000,5040
7941,periodic,168.0000,16464
7942,periodic,168.0000,5376
7943,periodic,168.0000,5040
7944,periodic,168.0000,5712
7945,periodic,168.0000,5040
7946,periodic,168.0000,5040
7947,periodic,168.0000,12432
7948,periodic,168.0000,5040
7949,periodic,168.0000,7392
7950,periodic,168.0000,6384
7951,periodic,168.0000,5712
7952,periodic,168.0000,10416
7953,periodic,168.0000,5712
7954,periodic,168.0000,5040
7955,periodic,168.0000,5712
7956,periodic,168.0000,22176
7957,periodic,168.0000,23520
7958,periodic,168.0000,5040
7959,periodic,168.0000,56112
7960,periodic,168.0000,6048
7961,periodic,168.0000,6384
7962,periodic,168.0000,11088
7963,periodic,168.0000,5040
7964,periodic,168.0000,5712
7965,periodic,168.0000,15792
7966,periodic,168.0000,11760
7967,periodic,168.0000,5040
7968,periodic,168.0000,13104
7969,periodic,168.0000,10752
7970,periodic,168.0000,31248
7971,periodic,168.0000,5040
7972,periodic,168.0000,16800
7973,periodic,168.0000,25536
7974,periodic,168.0000,17808
7975,periodic,168.0000,60144
7976,periodic,168.0000,5040
7977,periodic,168.0000,11424
7978,periodic,168.0000,17136
7979,periodic,168.0000,7728
7980,periodic,168.0000,5712
7981,periodic,168.0000,35952
7982,periodic,168.0000,5712
7983,periodic,168.0000,5040
7984,periodic,168.0000,14784
7985,periodic,168.0000,5376
7986,periodic,168.0000,47712
7987,periodic,168.0000,51072
7988,periodic,168.0000,6720
7989,periodic,168.0000,10752
7990,periodic,168.0000,15456
7991,periodic,168.0000,5040
7992,periodic,168.0000,10080
7993,periodic,168.0000,23856
7994,periodic,168.0000,5040
7995,periodic,168.0000,13440
7996,periodic,168.0000,7728
7997,periodic,168.0000,22512
7998,periodic,168.0000,9744
7999,periodic,168.0000,29904
8000,periodic,168.0000,31584
8001,periodic,168.0000,30576
8002,periodic,168.0000,5040
8003,periodic,168.0000,6720
8004,periodic,168.0000,5712
8005,periodic,168.0000,11088
8006,periodic,168.0000,13776
8007,periodic,168.0000,17808
8008,periodic,168.0000,33936
8009,periodic,168.0000,20160
8010,periodic,168.0000,56784
8011,periodic,168.0000,18144
8012,periodic,168.0000,5040
8013,periodic,168.0000,16464
8014,periodic,168.0000,11424
8015,periodic,168.0000,9072
8016,periodic,168.0000,26880
8017,periodic,168.0000,5376
8018,periodic,168.0000,5040
8019,periodic,168.0000,32928
8020,periodic,168.0000,25200
8021,periodic,168.0000,9408
8022,periodic,168.0000,21504
8023,periodic,168.0000,16464
8024,periodic,168.0000,6384
8025,periodic,168.0000,20832
8026,periodic,168.0000,8064
8027,periodic,168.0000,21168
8028,periodic,168.0000,18144
8029,periodic,168.0000,5712
8030,periodic,168.0000,6384
8031,periodic,168.0000,5040
8032,periodic,168.0000,14112
8033,periodic,168.0000,16800
8034,periodic,168.0000,6048
8035,periodic,168.0000,6384
8036,periodic,168.0000,5040
8037,periodic,168.0000,39984
8038,periodic,168.0000,34608
8039,periodic,168.0000,47040
8040,periodic,168.0000,17808
8041,periodic,168.0000,5040
8042,periodic,168.0000,10416
8043,periodic,168.0000,8064
8044,periodic,168.0000,11760
8045,periodic,168.0000,20832
8046,periodic,168.0000,14112
8047,periodic,168.0000,5040
8048,periodic,168.0000,11760
8049,periodic,168.0000,9744
8050,periodic,168.0000,5040
8051,periodic,168.0000,47376
8052,periodic,168.0000,5376
8053,periodic,168.0000,23184
8054,periodic,168.0000,5040
8055,periodic,168.0000,40992
8056,periodic,168.0000,5040
8057,periodic,168.0000,6384
8058,periodic,168.0000,5040
8059,periodic,168.0000,5040
8060,periodic,168.0000,6384
8061,periodic,168.0000,53424
8062,periodic,168.0000,5040
8063,periodic,168.0000,13440
8064,periodic,168.0000,21168
8065,periodic,168.0000,6720
8066,periodic,168.0000,6384
8067,periodic,168.0000,5040
8068,periodic,168.0000,15792
8069,periodic,168.0000,5376
8070,periodic,168.0000,11088
8071,periodic,168.0000,24528
8072,periodic,168.0000,7392
8073,periodic,168.0000,22176
8074,periodic,168.0000,7056
8075,periodic,168.0000,5712
8076,periodic,168.0000,7056
8077,periodic,168.0000,6720
8078,periodic,168.0000,40320
8079,periodic,168.0000,7392
8080,periodic,168.0000,5712
8081,periodic,168.0000,5040
8082,periodic,168.0000,5040
8083,periodic,168.0000,16128
8084,periodic,168.0000,9072
8085,periodic,168.0000,47376
8086,periodic,168.0000,53088
8087,periodic,168.0000,13104
8088,periodic,168.0000,26544
8089,periodic,168.0000,10080
8090,periodic,168.0000,5040
8091,periodic,168.0000,7728
8092,periodic,168.0000,6048
8093,periodic,168.0000,5040
8094,periodic,168.0000,9072
8095,periodic,168.0000,27552
8096,periodic,168.0000,6720
8097,periodic,168.0000,26208
8098,periodic,168.0000,13440
8099,periodic,168.0000,5040
8100,periodic,168.0000,110544
8101,periodic,168.0000,5040
8102,periodic,168.0000,29232
8103,periodic,168.0000,8736
8104,periodic,168.0000,5040
8105,periodic,168.0000,15120
8106,periodic,168.0000,5040
8107,periodic,168.0000,6384
8108,periodic,168.0000,16128
8109,periodic,168.0000,10080
8110,periodic,168.0000,69552
8111,periodic,168.0000,10080
8112,periodic,168.0000,26544
8113,periodic,168.0000,6720
8114,periodic,168.0000,5040
8115,periodic,168.0000,21168
8116,periodic,168.0000,5040
8117,periodic,168.0000,16128
8118,periodic,168.0000,33936
8119,periodic,168.0000,24864
8120,periodic,168.0000,14784
8121,periodic,168.0000,19152
8122,periodic,168.0000,12096
8123,periodic,168.0000,22512
8124,periodic,168.0000,5040
8125,periodic,168.0000,5040
8126,periodic,168.0000,6720
8127,periodic,168.0000,15792
8128,periodic,168.0000,6384
8129,periodic,168.0000,5040
8130,periodic,168.0000,20496
8131,periodic,168.0000,27216
8132,periodic,168.0000,5040
8133,periodic,168.0000,5040
8134,periodic,168.0000,5712
8135,periodic,168.0000,6048
8136,periodic,168.0000,5376
8137,periodic,168.0000,12768
8138,periodic,168.0000,6384
8139,periodic,168.0000,5040
8140,periodic,168.0000,6720
8141,periodic,168.0000,5040
8142,periodic,168.0000,11088
8143,periodic,168.0000,60144
8144,periodic,168.0000,19824
8145,periodic,168.0000,8736
8146,periodic,168.0000,12432
8147,periodic,168.0000,14112
8148,periodic,168.0000,9744
8149,periodic,168.0000,25872
8150,periodic,168.0000,5040
8151,periodic,168.0000,8400
8152,periodic,168.0000,20832
8153,periodic,168.0000,5040
8154,periodic,168.0000,13776
8155,periodic,168.0000,5376
8156,periodic,168.0000,17472
8157,periodic,168.0000,14112
8158,periodic,168.0000,52080
8159,periodic,168.0000,14112
8160,periodic,168.0000,31920
8161,periodic,168.0000,11088
8162,periodic,168.0000,52416
8163,periodic,168.0000,5040
8164,periodic,168.0000,18816
8165,periodic,168.0000,38304
8166,periodic,168.0000,7728
8167,periodic,168.0000,5040
8168,periodic,168.0000,14448
8169,periodic,168.0000,15792
8170,periodic,168.0000,11424
8171,periodic,168.0000,7056
8172,periodic,168.0000,5040
8173,periodic,168.0000,5040
8174,periodic,168.0000,31248
8175,periodic,168.0000,70224
8176,periodic,168.0000,42672
8177,periodic,168.0000,5040
8178,periodic,168.0000,7056
8179,periodic,168.0000,5040
8180,periodic,168.0000,28224
8181,periodic,168.0000,5040
8182,periodic,168.0000,33600
8183,periodic,168.0000,5040
8184,periodic,168.0000,5376
8185,periodic,168.0000,79968
8186,periodic,168.0000,5040
8187,periodic,168.0000,10416
8188,periodic,168.0000,5040
8189,periodic,168.0000,12768
8190,periodic,168.0000,21840
8191,periodic,168.0000,33264
8192,periodic,168.0000,5040
8193,periodic,168.0000,5376
8194,periodic,168.0000,11424
8195,periodic,168.0000,5040
8196,periodic,168.0000,5040
8197,periodic,168.0000,5040
8198,periodic,168.0000,9072
8199,periodic,168.0000,55776
8200,periodic,168.0000,17472
8201,periodic,168.0000,127680
8202,periodic,168.0000,25200
8203,periodic,168.0000,5040
8204,periodic,168.0000,8736
8205,periodic,168.0000,46704
8206,periodic,168.0000,7728
8207,periodic,168.0000,52752
8208,periodic,168.0000,12768
8209,periodic,168.0000,84336
8210,periodic,168.0000,10080
8211,periodic,168.0000,5040
8212,periodic,168.0000,5040
8213,periodic,168.0000,21840
8214,periodic,168.0000,11424
8215,periodic,168.0000,56784
8216,periodic,168.0000,7056
8217,periodic,168.0000,13776
8218,periodic,168.0000,5040
8219,periodic,168.0000,13440
8220,periodic,168.0000,21168
8221,periodic,168.0000,5040
8222,periodic,168.0000,12768
8223,periodic,168.0000,17808
8224,periodic,168.0000,66864
8225,periodic,168.0000,5040
8226,periodic,168.0000,26880
8227,periodic,168.0000,39984
8228,periodic,168.0000,5040
8229,periodic,168.0000,28896
8230,periodic,168.0000,12768
8231,periodic,168.0000,24528
8232,periodic,168.0000,39312
8233,periodic,168.0000,28224
8234,periodic,168.0000,13776
8235,periodic,168.0000,40656
8236,periodic,168.0000,12432
8237,periodic,168.0000,46032
8238,periodic,168.0000,9072
8239,periodic,168.0000,6720
8240,periodic,168.0000,5040
8241,periodic,168.0000,26544
8242,periodic,168.0000,21168
8243,periodic,168.0000,8736
8244,periodic,168.0000,55104
8245,periodic,168.0000,5040
8246,periodic,168.0000,10752
8247,periodic,168.0000,18816
8248,periodic,168.0000,7728
8249,periodic,168.0000,6384
8250,periodic,168.0000,5376
8251,periodic,168.0000,5040
8252,periodic,168.0000,5040
8253,periodic,168.0000,5040
8254,periodic,168.0000,9072
8255,periodic,168.0000,5040
8256,periodic,168.0000,17136
8257,periodic,168.0000,5712
8258,periodic,168.0000,106512
8259,periodic,168.0000,11088
8260,periodic,168.0000,19824
8261,periodic,168.0000,51408
8262,periodic,168.0000,5712
8263,periodic,168.0000,12768
8264,periodic,168.0000,5040
8265,periodic,168.0000,63504
8266,periodic,168.0000,36624
8267,periodic,168.0000,7392
8268,periodic,168.0000,6048
8269,periodic,168.0000,7728
8270,periodic,168.0000,5712
8271,periodic,168.0000,5040
8272,periodic,168.0000,6384
8273,periodic,168.0000,11760
8274,periodic,168.0000,6720
8275,periodic,168.0000,20160
8276,periodic,168.0000,8736
8277,periodic,168.0000,42336
8278,periodic,168.0000,8064
8279,periodic,168.0000,12432
8280,periodic,168.0000,5040
8281,periodic,168.0000,10416
8282,periodic,168.0000,140448
8283,periodic,168.0000,15456
8284,periodic,168.0000,20496
8285,periodic,168.0000,5040
8286,periodic,168.0000,18144
8287,periodic,168.0000,31248
8288,periodic,168.0000,45696
8289,periodic,168.0000,5040
8290,periodic,168.0000,5040
8291,periodic,168.0000,19488
8292,periodic,168.0000,5376
8293,periodic,168.0000,10416
8294,periodic,168.0000,7056
8295,periodic,168.0000,9072
8296,periodic,168.0000,10416
8297,periodic,168.0000,5040
8298,periodic,168.0000,22848
8299,periodic,168.0000,18816
8300,periodic,168.0000,5040
8301,periodic,168.0000,12096
8302,periodic,168.0000,5040
8303,periodic,168.0000,5040
8304,periodic,168.0000,12432
8305,periodic,168.0000,5040
8306,periodic,168.0000,7392
8307,periodic,168.0000,5040
8308,periodic,168.0000,5040
8309,periodic,168.0000,6048
8310,periodic,168.0000,19824
8311,periodic,168.0000,43344
8312,periodic,168.0000,38640
8313,periodic,168.0000,8064
8314,periodic,168.0000,5712
8315,periodic,168.0000,35280
8316,periodic,168.0000,6384
8317,periodic,168.0000,33936
8318,periodic,168.0000,40656
8319,periodic,168.0000,5712
8320,periodic,168.0000,13104
8321,periodic,168.0000,12096
8322,periodic,168.0000,5040
8323,periodic,168.0000,52416
8324,periodic,168.0000,5040
8325,periodic,168.0000,6048
8326,periodic,168.0000,6048
8327,periodic,168.0000,5040
8328,periodic,168.0000,36624
8329,periodic,168.0000,21840
8330,periodic,168.0000,13440
8331,periodic,168.0000,5712
8332,periodic,168.0000,33600
8333,periodic,168.0000,5040
8334,periodic,168.0000,10416
8335,periodic,168.0000,28896
8336,periodic,168.0000,7056
8337,periodic,168.0000,10752
8338,periodic,168.0000,16128
8339,periodic,168.0000,64512
8340,periodic,168.0000,5040
8341,periodic,168.0000,5040
8342,periodic,168.0000,5040
8343,periodic,168.0000,31248
8344,periodic,168.0000,6720
8345,periodic,168.0000,5040
8346,periodic,168.0000,5040
8347,periodic,168.0000,8400
8348,periodic,168.0000,83328
8349,periodic,168.0000,43680
8350,periodic,168.0000,19152
8351,periodic,168.0000,5040
8352,periodic,168.0000,13776
8353,periodic,168.0000,38640
8354,periodic,168.0000,5040
8355,periodic,168.0000,89712
8356,periodic,168.0000,59136
8357,periodic,168.0000,44688
8358,periodic,168.0000,5712
8359,periodic,168.0000,40992
8360,periodic,168.0000,5040
8361,periodic,168.0000,18816
8362,periodic,168.0000,6384
8363,periodic,168.0000,10416
8364,periodic,168.0000,5040
8365,periodic,168.0000,5040
8366,periodic,168.0000,32592
8367,periodic,168.0000,5712
8368,periodic,168.0000,21504
8369,periodic,168.0000,13104
8370,periodic,168.0000,5376
8371,periodic,168.0000,5040
8372,periodic,168.0000,9072
8373,periodic,168.0000,12768
8374,periodic,168.0000,5040
8375,periodic,168.0000,30576
8376,periodic,168.0000,21168
8377,periodic,168.0000,40320
8378,periodic,168.0000,47712
8379,periodic,168.0000,27552
8380,periodic,168.0000,35616
8381,periodic,168.0000,66192
8382,periodic,168.0000,26208
8383,periodic,168.0000,7056
8384,periodic,168.0000,8400
8385,periodic,168.0000,5376
8386,periodic,168.0000,8736
8387,periodic,168.0000,6048
8388,periodic,168.0000,5040
8389,periodic,168.0000,10752
8390,periodic,168.0000,5040
8391,periodic,168.0000,20496
8392,periodic,168.0000,28896
8393,periodic,168.0000,5040
8394,periodic,168.0000,70560
8395,periodic,168.0000,19488
8396,periodic,168.0000,9072
8397,periodic,168.0000,5376
8398,periodic,168.0000,5040
8399,periodic,168.0000,29904
8400,periodic,168.0000,5040
8401,periodic,168.0000,5040
8402,periodic,168.0000,20160
8403,periodic,168.0000,6384
8404,periodic,168.0000,7056
8405,periodic,168.0000,8736
8406,periodic,168.0000,5712
8407,periodic,168.0000,14112
8408,periodic,168.0000,6720
8409,periodic,168.0000,21168
8410,periodic,168.0000,5376
8411,periodic,168.0000,52416
8412,periodic,168.0000,6720
8413,periodic,168.0000,5040
8414,periodic,168.0000,5040
8415,periodic,168.0000,5040
8416,periodic,168.0000,52752
8417,periodic,168.0000,6384
8418,periodic,168.0000,5040
8419,periodic,168.0000,5040
8420,periodic,168.0000,5040
8421,periodic,168.0000,28896
8422,periodic,168.0000,5376
8423,periodic,168.0000,22176
8424,periodic,168.0000,16128
8425,periodic,168.0000,15792
8426,periodic,168.0000,28896
8427,periodic,168.0000,24192
8428,periodic,168.0000,36624
8429,periodic,168.0000,17472
8430,periodic,168.0000,22512
8431,periodic,168.0000,51744
8432,periodic,168.0000,6384
8433,periodic,168.0000,10080
8434,periodic,168.0000,5040
8435,periodic,168.0000,12432
8436,periodic,168.0000,40320
8437,periodic,168.0000,5040
8438,periodic,168.0000,5040
8439,periodic,168.0000,10752
8440,periodic,168.0000,12096
8441,periodic,168.0000,8064
8442,periodic,168.0000,5040
8443,periodic,168.0000,85008
8444,periodic,168.0000,38640
8445,periodic,168.0000,6720
8446,periodic,168.0000,5040
8447,periodic,168.0000,42000
8448,periodic,168.0000,5040
8449,periodic,168.0000,15120
8450,periodic,168.0000,7728
8451,periodic,168.0000,5040
8452,periodic,168.0000,39648
8453,periodic,168.0000,7728
8454,periodic,168.0000,7392
8455,periodic,168.0000,17808
8456,periodic,168.0000,5040
8457,periodic,168.0000,60816
8458,periodic,168.0000,7392
8459,periodic,168.0000,12432
8460,periodic,168.0000,18816
8461,periodic,168.0000,6384
8462,periodic,168.0000,17136
8463,periodic,168.0000,6720
8464,periodic,168.0000,49056
8465,periodic,168.0000,5040
8466,periodic,168.0000,16128
8467,periodic,168.0000,5040
8468,periodic,168.0000,5040
8469,periodic,168.0000,9744
8470,periodic,168.0000,5040
8471,periodic,168.0000,12768
8472,periodic,168.0000,96432
8473,periodic,168.0000,26880
8474,periodic,168.0000,12432
8475,periodic,168.0000,7728
8476,periodic,168.0000,5040
8477,periodic,168.0000,5040
8478,periodic,168.0000,9408
8479,periodic,168.0000,5040
8480,periodic,168.0000,7728
8481,periodic,168.0000,12432
8482,periodic,168.0000,24528
8483,periodic,168.0000,54768
8484,periodic,168.0000,23184
8485,periodic,168.0000,5040
8486,periodic,168.0000,10416
8487,periodic,168.0000,17472
8488,periodic,168.0000,18480
8489,periodic,168.0000,39984
8490,periodic,168.0000,14112
8491,periodic,168.0000,20832
8492,periodic,168.0000,6720
8493,periodic,168.0000,5040
8494,periodic,168.0000,11760
8495,periodic,168.0000,8400
8496,periodic,168.0000,5040
8497,periodic,168.0000,6384
8498,periodic,168.0000,12432
8499,periodic,168.0000,6384
8500,periodic,168.0000,13104
8501,periodic,168.0000,6720
8502,periodic,168.0000,6048
8503,periodic,168.0000,5040
8504,periodic,168.0000,12768
8505,periodic,168.0000,32928
8506,periodic,168.0000,72912
8507,periodic,168.0000,5376
8508,periodic,168.0000,54096
8509,periodic,168.0000,15456
8510,periodic,168.0000,12768
8511,periodic,168.0000,8736
8512,periodic,168.0000,11088
8513,periodic,168.0000,5040
8514,periodic,168.0000,5040
8515,periodic,168.0000,15456
8516,periodic,168.0000,11424
8517,periodic,168.0000,6384
8518,periodic,168.0000,5040
8519,periodic,168.0000,5040
8520,periodic,168.0000,8400
8521,periodic,168.0000,5040
8522,periodic,168.0000,24864
8523,periodic,168.0000,5712
8524,periodic,168.0000,13104
8525,periodic,168.0000,12432
8526,periodic,168.0000,5712
8527,periodic,168.0000,6384
8528,periodic,168.0000,5040
8529,periodic,168.0000,5040
8530,periodic,168.0000,37968
8531,periodic,168.0000,13776
8532,periodic,168.0000,16464
8533,periodic,168.0000,11088
8534,periodic,168.0000,7392
8535,periodic,168.0000,54096
8536,periodic,168.0000,8064
8537,periodic,168.0000,9408
8538,periodic,168.0000,11760
8539,periodic,168.0000,7728
8540,periodic,168.0000,13776
8541,periodic,168.0000,5040
8542,periodic,168.0000,5040
8543,periodic,168.0000,5040
8544,periodic,168.0000,42000
8545,periodic,168.0000,28560
8546,periodic,168.0000,9072
8547,periodic,168.0000,21504
8548,periodic,168.0000,73584
8549,periodic,168.0000,35616
8550,periodic,168.0000,10416
8551,periodic,168.0000,5376
8552,periodic,168.0000,7392
8553,periodic,168.0000,5040
8554,periodic,168.0000,15792
8555,periodic,168.0000,5040
8556,periodic,168.0000,39312
8557,periodic,168.0000,12096
8558,periodic,168.0000,5712
8559,periodic,168.0000,8064
8560,periodic,168.0000,5040
8561,periodic,168.0000,5040
8562,periodic,168.0000,5040
8563,periodic,168.0000,5040
8564,periodic,168.0000,5040
8565,periodic,168.0000,47040
8566,periodic,168.0000,6048
8567,periodic,168.0000,6048
8568,periodic,168.0000,10416
8569,periodic,168.0000,37968
8570,periodic,168.0000,5376
8571,periodic,168.0000,16128
8572,periodic,168.0000,8400
8573,periodic,168.0000,5040
8574,periodic,168.0000,16464
8575,periodic,168.0000,5040
8576,periodic,168.0000,8400
8577,periodic,168.0000,5712
8578,periodic,168.0000,46368
8579,periodic,168.0000,9408
8580,periodic,168.0000,11760
8581,periodic,168.0000,5040
8582,periodic,168.0000,14112
8583,periodic,168.0000,7728
8584,periodic,168.0000,5040
8585,periodic,168.0000,5376
8586,periodic,168.0000,12432
8587,periodic,168.0000,5040
8588,periodic,168.0000,12768
8589,periodic,168.0000,7392
8590,periodic,168.0000,10416
8591,periodic,168.0000,7728
8592,periodic,168.0000,48720
8593,periodic,168.0000,13776
8594,periodic,168.0000,7392
8595,periodic,168.0000,5040
8596,periodic,168.0000,5376
8597,periodic,168.0000,99792
8598,periodic,168.0000,5040
8599,periodic,168.0000,5040
8600,periodic,168.0000,5040
8601,periodic,168.0000,15792
8602,periodic,168.0000,5712
8603,periodic,168.0000,8400
8604,periodic,168.0000,29232
8605,periodic,168.0000,46032
8606,periodic,168.0000,5040
8607,periodic,168.0000,23520
8608,periodic,168.0000,12432
8609,periodic,168.0000,12768
8610,periodic,168.0000,5712
8611,periodic,168.0000,13104
8612,periodic,168.0000,12432
8613,periodic,168.0000,5040
8614,periodic,168.0000,16128
8615,periodic,168.0000,23520
8616,periodic,168.0000,15792
8617,periodic,168.0000,7728
8618,periodic,168.0000,6720
8619,periodic,168.0000,9072
8620,periodic,168.0000,6048
8621,periodic,168.0000,15120
8622,periodic,168.0000,5040
8623,periodic,168.0000,17136
8624,periodic,168.0000,6384
8625,periodic,168.0000,5040
8626,periodic,168.0000,7392
8627,periodic,168.0000,5712
8628,periodic,168.0000,18480
8629,periodic,168.0000,44016
8630,periodic,168.0000,5040
8631,periodic,168.0000,10080
8632,periodic,168.0000,8736
8633,periodic,168.0000,10080
8634,periodic,168.0000,10752
8635,periodic,168.0000,73248
8636,periodic,168.0000,7392
8637,periodic,168.0000,15792
8638,periodic,168.0000,16128
8639,periodic,168.0000,5040
8640,periodic,168.0000,43680
8641,periodic,168.0000,6720
8642,periodic,168.0000,19488
8643,periodic,168.0000,5040
8644,periodic,168.0000,12096
8645,periodic,168.0000,5040
8646,periodic,168.0000,15792
8647,periodic,168.0000,19824
8648,periodic,168.0000,5040
8649,periodic,168.0000,7728
8650,periodic,168.0000,6720
8651,periodic,168.0000,26880
8652,periodic,168.0000,11424
8653,periodic,168.0000,120624
8654,periodic,168.0000,6720
8655,periodic,168.0000,12096
8656,periodic,168.0000,7392
8657,periodic,168.0000,28896
8658,periodic,168.0000,5040
8659,periodic,168.0000,5040
8660,periodic,168.0000,49728
8661,periodic,168.0000,28560
8662,periodic,168.0000,5040
8663,periodic,168.0000,6720
8664,periodic,168.0000,5376
8665,periodic,168.0000,7392
8666,periodic,168.0000,25200
8667,periodic,168.0000,13104
8668,periodic,168.0000,31248
8669,periodic,168.0000,5040
8670,periodic,168.0000,6720
8671,periodic,168.0000,34272
8672,periodic,168.0000,9744
8673,periodic,168.0000,13776
8674,periodic,168.0000,5040
8675,periodic,168.0000,31248
8676,periodic,168.0000,61488
8677,periodic,168.0000,31584
8678,periodic,168.0000,39312
8679,periodic,168.0000,7728
8680,periodic,168.0000,5040
8681,periodic,168.0000,9408
8682,periodic,168.0000,5040
8683,periodic,168.0000,5040
8684,periodic,168.0000,5040
8685,periodic,168.0000,37632
8686,periodic,168.0000,20832
8687,periodic,168.0000,5040
8688,periodic,168.0000,5040
8689,periodic,168.0000,35952
8690,periodic,168.0000,6720
8691,periodic,168.0000,5712
8692,periodic,168.0000,16464
8693,periodic,168.0000,5040
8694,periodic,168.0000,5040
8695,periodic,168.0000,5040
8696,periodic,168.0000,5040
8697,periodic,168.0000,11424
8698,periodic,168.0000,5040
8699,periodic,168.0000,56448
8700,periodic,168.0000,5040
8701,periodic,168.0000,7056
8702,periodic,168.0000,17472
8703,periodic,168.0000,45024
8704,periodic,168.0000,5040
8705,periodic,168.0000,9408
8706,periodic,168.0000,5040
8707,periodic,168.0000,9072
8708,periodic,168.0000,5376
8709,periodic,168.0000,23520
8710,periodic,168.0000,16128
8711,periodic,168.0000,37968
8712,periodic,168.0000,59472
8713,periodic,168.0000,5040
8714,periodic,168.0000,29232
8715,periodic,168.0000,44688
8716,periodic,168.0000,8736
8717,periodic,168.0000,18144
8718,periodic,168.0000,79296
8719,periodic,168.0000,5376
8720,periodic,168.0000,5040
8721,periodic,168.0000,5040
8722,periodic,168.0000,5712
8723,periodic,168.0000,6384
8724,periodic,168.0000,7392
8725,periodic,168.0000,11424
8726,periodic,168.0000,23856
8727,periodic,168.0000,8400
8728,periodic,168.0000,5040
8729,periodic,168.0000,19488
8730,periodic,168.0000,5040
8731,periodic,168.0000,6384
8732,periodic,168.0000,5040
8733,periodic,168.0000,5040
8734,periodic,168.0000,5040
8735,periodic,168.0000,7728
8736,periodic,168.0000,47712
8737,periodic,168.0000,32592
8738,periodic,168.0000,5040
8739,periodic,168.0000,5040
8740,periodic,168.0000,5040
8741,periodic,168.0000,5040
8742,periodic,168.0000,20832
8743,periodic,168.0000,12432
8744,periodic,168.0000,5040
8745,periodic,168.0000,5040
8746,periodic,168.0000,5040
8747,periodic,168.0000,12768
8748,periodic,168.0000,10752
8749,periodic,168.0000,13104
8750,periodic,168.0000,10080
8751,periodic,168.0000,5712
8752,periodic,168.0000,5376
8753,periodic,168.0000,22848
8754,periodic,168.0000,5040
8755,periodic,168.0000,18144
8756,periodic,168.0000,92400
8757,periodic,168.0000,7056
8758,periodic,168.0000,12768
8759,periodic,168.0000,6720
8760,periodic,168.0000,28560
8761,periodic,168.0000,5040
8762,periodic,168.0000,9072
8763,periodic,168.0000,129696
8764,periodic,168.0000,14784
8765,periodic,168.0000,6720
8766,periodic,168.0000,37296
8767,periodic,168.0000,9408
8768,periodic,168.0000,19488
8769,periodic,168.0000,61824
8770,periodic,168.0000,28560
8771,periodic,168.0000,5040
8772,periodic,168.0000,11760
8773,periodic,168.0000,17808
8774,periodic,168.0000,12768
8775,periodic,168.0000,5040
8776,periodic,168.0000,8736
8777,periodic,168.0000,15120
8778,periodic,168.0000,26880
8779,periodic,168.0000,23184
8780,periodic,168.0000,100464
8781,periodic,168.0000,21840
8782,periodic,168.0000,7056
8783,periodic,168.0000,55776
8784,periodic,168.0000,26880
8785,periodic,168.0000,8064
8786,periodic,168.0000,5040
8787,periodic,168.0000,22848
8788,periodic,168.0000,23520
8789,periodic,168.0000,5040
8790,periodic,168.0000,35952
8791,periodic,168.0000,10080
8792,periodic,168.0000,17808
8793,periodic,168.0000,12768
8794,periodic,168.0000,60816
8795,periodic,168.0000,5712
8796,periodic,168.0000,19488
8797,periodic,168.0000,5040
8798,periodic,168.0000,19824
8799,periodic,168.0000,45360
8800,periodic,168.0000,31584
8801,periodic,168.0000,5040
8802,periodic,168.0000,12768
8803,periodic,168.0000,10416
8804,periodic,168.0000,22512
8805,periodic,168.0000,47712
8806,periodic,168.0000,10752
8807,periodic,168.0000,6384
8808,periodic,168.0000,5040
8809,periodic,168.0000,7728
8810,periodic,168.0000,22848
8811,periodic,168.0000,5040
8812,periodic,168.0000,33264
8813,periodic,168.0000,5040
8814,periodic,168.0000,7392
8815,periodic,168.0000,5712
8816,periodic,168.0000,5040
8817,periodic,168.0000,9072
8818,periodic,168.0000,15120
8819,periodic,168.0000,66864
8820,periodic,168.0000,5712
8821,periodic,168.0000,11088
8822,periodic,168.0000,15120
8823,periodic,168.0000,59472
8824,periodic,168.0000,30912
8825,periodic,168.0000,34272
8826,periodic,168.0000,6720
8827,periodic,168.0000,5040
8828,periodic,168.0000,26208
8829,periodic,168.0000,71904
8830,periodic,168.0000,7056
8831,periodic,168.0000,7728
8832,periodic,168.0000,5376
8833,periodic,168.0000,15456
8834,periodic,168.0000,5040
8835,periodic,168.0000,8736
8836,periodic,168.0000,93408
8837,periodic,168.0000,6720
8838,periodic,168.0000,16464
8839,periodic,168.0000,11760
8840,periodic,168.0000,63168
8841,periodic,168.0000,5040
8842,periodic,168.0000,7392
8843,periodic,168.0000,12432
8844,periodic,168.0000,20496
8845,periodic,168.0000,24192
8846,periodic,168.0000,16800
8847,periodic,168.0000,5040
8848,periodic,168.0000,16128
8849,periodic,168.0000,5040
8850,periodic,168.0000,5040
8851,periodic,168.0000,17136
8852,periodic,168.0000,5040
8853,periodic,168.0000,5040
8854,periodic,168.0000,24864
8855,periodic,168.0000,5376
8856,periodic,168.0000,5040
8857,periodic,168.0000,5040
8858,periodic,168.0000,8064
8859,periodic,168.0000,62832
8860,periodic,168.0000,5712
8861,periodic,168.0000,5376
8862,periodic,168.0000,5712
8863,periodic,168.0000,5712
8864,periodic,168.0000,5040
8865,periodic,168.0000,13776
8866,periodic,168.0000,18816
8867,periodic,168.0000,5712
8868,periodic,168.0000,23184
8869,periodic,168.0000,5040
8870,periodic,168.0000,11088
8871,periodic,168.0000,34608
8872,periodic,168.0000,53424
8873,periodic,168.0000,12768
8874,periodic,168.0000,26544
8875,periodic,168.0000,5040
8876,periodic,168.0000,32592
8877,periodic,168.0000,32928
8878,periodic,168.0000,12432
8879,periodic,168.0000,13440
8880,periodic,168.0000,23856
8881,periodic,168.0000,20160
8882,periodic,168.0000,26544
8883,periodic,168.0000,5040
8884,periodic,168.0000,5040
8885,periodic,168.0000,5376
8886,periodic,168.0000,7056
8887,periodic,168.0000,5040
8888,periodic,168.0000,6048
8889,periodic,168.0000,13104
8890,periodic,168.0000,6048
8891,periodic,168.0000,24528
8892,periodic,168.0000,5040
8893,periodic,168.0000,22512
8894,periodic,168.0000,27216
8895,periodic,168.0000,29568
8896,periodic,168.0000,5040
8897,periodic,168.0000,5040
8898,periodic,168.0000,33264
8899,periodic,168.0000,31920
8900,periodic,168.0000,26880
8901,periodic,168.0000,7728
8902,periodic,168.0000,5040
8903,periodic,168.0000,6048
8904,periodic,168.0000,5040
8905,periodic,168.0000,5712
8906,periodic,168.0000,8736
8907,periodic,168.0000,5040
8908,periodic,168.0000,10080
8909,periodic,168.0000,46704
8910,periodic,168.0000,5376
8911,periodic,168.0000,7728
8912,periodic,168.0000,6048
8913,periodic,168.0000,5040
8914,periodic,168.0000,41664
8915,periodic,168.0000,34944
8916,periodic,168.0000,5040
8917,periodic,168.0000,12432
8918,periodic,168.0000,5040
8919,periodic,168.0000,20160
8920,periodic,168.0000,7392
8921,periodic,168.0000,6048
8922,periodic,168.0000,6384
8923,periodic,168.0000,6720
8924,periodic,168.0000,16800
8925,periodic,168.0000,5712
8926,periodic,168.0000,5040
8927,periodic,168.0000,30576
8928,periodic,168.0000,6720
8929,periodic,168.0000,5712
8930,periodic,168.0000,5040
8931,periodic,168.0000,5040
8932,periodic,168.0000,5040
8933,periodic,168.0000,19488
8934,periodic,168.0000,21840
8935,periodic,168.0000,10080
8936,periodic,168.0000,27216
8937,periodic,168.0000,5040
8938,periodic,168.0000,29568
8939,periodic,168.0000,12768
8940,periodic,168.0000,8736
8941,periodic,168.0000,34944
8942,periodic,168.0000,8400
8943,periodic,168.0000,6384
8944,periodic,168.0000,21168
8945,periodic,168.0000,11088
8946,periodic,168.0000,5040
8947,periodic,168.0000,12768
8948,periodic,168.0000,5040
8949,periodic,168.0000,5376
8950,periodic,168.0000,16800
8951,periodic,168.0000,77280
8952,periodic,168.0000,13104
8953,periodic,168.0000,6384
8954,periodic,168.0000,22512
8955,periodic,168.0000,8736
8956,periodic,168.0000,49728
8957,periodic,168.0000,5040
8958,periodic,168.0000,5376
8959,periodic,168.0000,5040
8960,periodic,168.0000,5040
8961,periodic,168.0000,5040
8962,periodic,168.0000,36288
8963,periodic,168.0000,66528
8964,periodic,168.0000,28560
8965,periodic,168.0000,5040
8966,periodic,168.0000,11760
8967,periodic,168.0000,6048
8968,periodic,168.0000,23184
8969,periodic,168.0000,5712
8970,periodic,168.0000,21840
8971,periodic,168.0000,21168
8972,periodic,168.0000,5712
8973,periodic,168.0000,5040
8974,periodic,168.0000,6720
8975,periodic,168.0000,8064
8976,periodic,168.0000,5040
8977,periodic,168.0000,5040
8978,periodic,168.0000,6048
8979,periodic,168.0000,9072
8980,periodic,168.0000,24192
8981,periodic,168.0000,33936
8982,periodic,168.0000,9408
8983,periodic,168.0000,5376
8984,periodic,168.0000,8400
8985,periodic,168.0000,5040
8986,periodic,168.0000,5040
8987,periodic,168.0000,66192
8988,periodic,168.0000,29568
8989,periodic,168.0000,5040
8990,periodic,168.0000,20496
8991,periodic,168.0000,5040
8992,periodic,168.0000,5712
8993,periodic,168.0000,61152
8994,periodic,168.0000,34944
8995,periodic,168.0000,40992
8996,periodic,168.0000,91392
8997,periodic,168.0000,9408
8998,periodic,168.0000,6384
8999,periodic,168.0000,12768
9000,periodic,168.0000,20832
9001,periodic,168.0000,12432
9002,periodic,168.0000,5040
9003,periodic,168.0000,5376
9004,periodic,168.0000,18144
9005,periodic,168.0000,5040
9006,periodic,168.0000,6048
9007,periodic,168.0000,8400
9008,periodic,168.0000,5712
9009,periodic,168.0000,66192
9010,periodic,168.0000,7728
9011,periodic,168.0000,5040
9012,periodic,168.0000,57120
9013,periodic,168.0000,6384
9014,periodic,168.0000,94080
9015,periodic,168.0000,5040
9016,periodic,168.0000,18144
9017,periodic,168.0000,5712
9018,periodic,168.0000,7056
9019,periodic,168.0000,5712
9020,periodic,168.0000,15792
9021,periodic,168.0000,5040
9022,periodic,168.0000,6720
9023,periodic,168.0000,6384
9024,periodic,168.0000,22176
9025,periodic,168.0000,9744
9026,periodic,168.0000,36624
9027,periodic,168.0000,5040
9028,periodic,168.0000,5040
9029,periodic,168.0000,53760
9030,periodic,168.0000,13440
9031,periodic,168.0000,17136
9032,periodic,168.0000,19488
9033,periodic,168.0000,64176
9034,periodic,168.0000,6048
9035,periodic,168.0000,5040
9036,periodic,168.0000,20832
9037,periodic,168.0000,11088
9038,periodic,168.0000,5040
9039,periodic,168.0000,18480
9040,periodic,168.0000,27552
9041,periodic,168.0000,5040
9042,periodic,168.0000,5040
9043,periodic,168.0000,5712
9044,periodic,168.0000,39648
9045,periodic,168.0000,39984
9046,periodic,168.0000,13440
9047,periodic,168.0000,43680
9048,periodic,168.0000,6384
9049,periodic,168.0000,5712
9050,periodic,168.0000,46704
9051,periodic,168.0000,17808
9052,periodic,168.0000,20160
9053,periodic,168.0000,36288
9054,periodic,168.0000,5712
9055,periodic,168.0000,10752
9056,periodic,168.0000,89712
9057,periodic,168.0000,28224
9058,periodic,168.0000,5040
9059,periodic,168.0000,12768
9060,periodic,168.0000,5712
9061,periodic,168.0000,42000
9062,periodic,168.0000,7056
9063,periodic,168.0000,7392
9064,periodic,168.0000,9072
9065,periodic,168.0000,5712
9066,periodic,168.0000,20496
9067,periodic,168.0000,5712
9068,periodic,168.0000,7728
9069,periodic,168.0000,52416
9070,periodic,168.0000,16464
9071,periodic,168.0000,52416
9072,periodic,168.0000,10416
9073,periodic,168.0000,8736
9074,periodic,168.0000,7728
9075,periodic,168.0000,7056
9076,periodic,168.0000,12096
9077,periodic,168.0000,5040
9078,periodic,168.0000,9408
9079,periodic,168.0000,5040
9080,periodic,168.0000,23184
9081,periodic,168.0000,5040
9082,periodic,168.0000,8736
9083,periodic,168.0000,13440
9084,periodic,168.0000,79296
9085,periodic,168.0000,5040
9086,periodic,168.0000,5040
9087,periodic,168.0000,13776
9088,periodic,168.0000,8064
9089,periodic,168.0000,5040
9090,periodic,168.0000,5040
9091,periodic,168.0000,19488
9092,periodic,168.0000,51072
9093,periodic,168.0000,16128
9094,periodic,168.0000,11424
9095,periodic,168.0000,8400
9096,periodic,168.0000,16464
9097,periodic,168.0000,5040
9098,periodic,168.0000,15456
9099,periodic,168.0000,17808
9100,periodic,168.0000,8064
9101,periodic,168.0000,5040
9102,periodic,168.0000,12432
9103,periodic,168.0000,5040
9104,periodic,168.0000,6384
9105,periodic,168.0000,6720
9106,periodic,168.0000,44016
9107,periodic,168.0000,5040
9108,periodic,168.0000,5040
9109,periodic,168.0000,5040
9110,periodic,168.0000,5376
9111,periodic,168.0000,6048
9112,periodic,168.0000,39648
9113,periodic,168.0000,5040
9114,periodic,168.0000,14112
9115,periodic,168.0000,5040
9116,periodic,168.0000,9744
9117,periodic,168.0000,11088
9118,periodic,168.0000,12432
9119,periodic,168.0000,5712
9120,periodic,168.0000,14112
9121,periodic,168.0000,39312
9122,periodic,168.0000,11760
9123,periodic,168.0000,88704
9124,periodic,168.0000,27888
9125,periodic,168.0000,6048
9126,periodic,168.0000,5376
9127,periodic,168.0000,5040
9128,periodic,168.0000,8400
9129,periodic,168.0000,19152
9130,periodic,168.0000,51072
9131,periodic,168.0000,9744
9132,periodic,168.0000,12096
9133,periodic,168.0000,5040
9134,periodic,168.0000,5712
9135,periodic,168.0000,5712
9136,periodic,168.0000,14448
9137,periodic,168.0000,5040
9138,periodic,168.0000,11760
9139,periodic,168.0000,29568
9140,periodic,168.0000,15792
9141,periodic,168.0000,6384
9142,periodic,168.0000,10080
9143,periodic,168.0000,86352
9144,periodic,168.0000,5040
9145,periodic,168.0000,5040
9146,periodic,168.0000,23520
9147,periodic,168.0000,5040
9148,periodic,168.0000,5712
9149,periodic,168.0000,5040
9150,periodic,168.0000,6720
9151,periodic,168.0000,17472
9152,periodic,168.0000,7392
9153,periodic,168.0000,6384
9154,periodic,168.0000,9744
9155,periodic,168.0000,27216
9156,periodic,168.0000,6384
9157,periodic,168.0000,48048
9158,periodic,168.0000,25872
9159,periodic,168.0000,5040
9160,periodic,168.0000,29904
9161,periodic,168.0000,5040
9162,periodic,168.0000,20832
9163,periodic,168.0000,30240
9164,periodic,168.0000,5040
9165,periodic,168.0000,6048
9166,periodic,168.0000,45696
9167,periodic,168.0000,27216
9168,periodic,168.0000,5376
9169,periodic,168.0000,5040
9170,periodic,168.0000,50400
9171,periodic,168.0000,5712
9172,periodic,168.0000,20160
9173,periodic,168.0000,5040
9174,periodic,168.0000,7056
9175,periodic,168.0000,5040
9176,periodic,168.0000,6720
9177,periodic,168.0000,27552
9178,periodic,168.0000,9744
9179,periodic,168.0000,7728
9180,periodic,168.0000,5040
9181,periodic,168.0000,9072
9182,periodic,168.0000,5712
9183,periodic,168.0000,5040
9184,periodic,168.0000,5040
9185,periodic,168.0000,20496
9186,periodic,168.0000,5040
9187,periodic,168.0000,17136
9188,periodic,168.0000,16128
9189,periodic,168.0000,18144
9190,periodic,168.0000,6720
9191,periodic,168.0000,26880
9192,periodic,168.0000,35952
9193,periodic,168.0000,5040
9194,periodic,168.0000,66864
9195,periodic,168.0000,6048
9196,periodic,168.0000,11088
9197,periodic,168.0000,27216
9198,periodic,168.0000,5040
9199,periodic,168.0000,8736
9200,periodic,168.0000,26544
9201,periodic,168.0000,20832
9202,periodic,168.0000,10416
9203,periodic,168.0000,5040
9204,periodic,168.0000,5040
9205,periodic,168.0000,12768
9206,periodic,168.0000,15792
9207,periodic,168.0000,35616
9208,periodic,168.0000,16800
9209,periodic,168.0000,16128
9210,periodic,168.0000,5712
9211,periodic,168.0000,5040
9212,periodic,168.0000,5040
9213,periodic,168.0000,5040
9214,periodic,168.0000,37296
9215,periodic,168.0000,5040
9216,periodic,168.0000,5040
9217,periodic,168.0000,8064
9218,periodic,168.0000,6384
9219,periodic,168.0000,19824
9220,periodic,168.0000,5040
9221,periodic,168.0000,11424
9222,periodic,168.0000,8400
9223,periodic,168.0000,5040
9224,periodic,168.0000,10080
9225,periodic,168.0000,5040
9226,periodic,168.0000,17472
9227,periodic,168.0000,11088
9228,periodic,168.0000,13776
9229,periodic,168.0000,24192
9230,periodic,168.0000,5040
9231,periodic,168.0000,13440
9232,periodic,168.0000,34944
9233,periodic,168.0000,31920
9234,periodic,168.0000,13776
9235,periodic,168.0000,5040
9236,periodic,168.0000,5040
9237,periodic,168.0000,13440
9238,periodic,168.0000,5040
9239,periodic,168.0000,5040
9240,periodic,168.0000,11760
9241,periodic,168.0000,5040
9242,periodic,168.0000,88704
9243,periodic,168.0000,10080
9244,periodic,168.0000,11424
9245,periodic,168.0000,5040
9246,periodic,168.0000,6048
9247,periodic,168.0000,39312
9248,periodic,168.0000,18480
9249,periodic,168.0000,5040
9250,periodic,168.0000,103152
9251,periodic,168.0000,5376
9252,periodic,168.0000,26208
9253,periodic,168.0000,5040
9254,periodic,168.0000,8736
9255,periodic,168.0000,11088
9256,periodic,168.0000,5040
9257,periodic,168.0000,5040
9258,periodic,168.0000,16128
9259,periodic,168.0000,5040
9260,periodic,168.0000,27888
9261,periodic,168.0000,8064
9262,periodic,168.0000,27216
9263,periodic,168.0000,7392
9264,periodic,168.0000,8736
9265,periodic,168.0000,40320
9266,periodic,168.0000,5376
9267,periodic,168.0000,5040
9268,periodic,168.0000,29232
9269,periodic,168.0000,16128
9270,periodic,168.0000,16800
9271,periodic,168.0000,15456
9272,periodic,168.0000,5040
9273,periodic,168.0000,5712
9274,periodic,168.0000,5040
9275,periodic,168.0000,5040
9276,periodic,168.0000,9744
9277,periodic,168.0000,16800
9278,periodic,168.0000,50400
9279,periodic,168.0000,5040
9280,periodic,168.0000,13440
9281,periodic,168.0000,5040
9282,periodic,168.0000,19824
9283,periodic,168.0000,5040
9284,periodic,168.0000,9408
9285,periodic,168.0000,61824
9286,periodic,168.0000,5040
9287,periodic,168.0000,34272
9288,periodic,168.0000,5040
9289,periodic,168.0000,69216
9290,periodic,168.0000,66528
9291,periodic,168.0000,71232
9292,periodic,168.0000,7728
9293,periodic,168.0000,5712
9294,periodic,168.0000,16800
9295,periodic,168.0000,23520
9296,periodic,168.0000,11760
9297,periodic,168.0000,5712
9298,periodic,168.0000,32592
9299,periodic,168.0000,41664
9300,periodic,168.0000,5040
9301,periodic,168.0000,9072
9302,periodic,168.0000,5040
9303,periodic,168.0000,11424
9304,periodic,168.0000,7056
9305,periodic,168.0000,5040
9306,periodic,168.0000,5712
9307,periodic,168.0000,10416
9308,periodic,168.0000,11424
9309,periodic,168.0000,5040
9310,periodic,168.0000,9072
9311,periodic,168.0000,208992
9312,periodic,168.0000,17136
9313,periodic,168.0000,43680
9314,periodic,168.0000,5040
9315,periodic,168.0000,5040
9316,periodic,168.0000,10080
9317,periodic,168.0000,5712
9318,periodic,168.0000,12096
9319,periodic,168.0000,7056
9320,periodic,168.0000,9408
9321,periodic,168.0000,32928
9322,periodic,168.0000,50736
9323,periodic,168.0000,13776
9324,periodic,168.0000,34944
9325,periodic,168.0000,21168
9326,periodic,168.0000,13104
9327,periodic,168.0000,5040
9328,periodic,168.0000,33936
9329,periodic,168.0000,5040
9330,periodic,168.0000,7728
9331,periodic,168.0000,31584
9332,periodic,168.0000,17472
9333,periodic,168.0000,12432
9334,periodic,168.0000,5040
9335,periodic,168.0000,5712
9336,periodic,168.0000,11760
9337,periodic,168.0000,7056
9338,periodic,168.0000,6384
9339,periodic,168.0000,13440
9340,periodic,168.0000,22848
9341,periodic,168.0000,5040
9342,periodic,168.0000,59472
9343,periodic,168.0000,11088
9344,periodic,168.0000,5040
9345,periodic,168.0000,5040
9346,periodic,168.0000,5040
9347,periodic,168.0000,7728
9348,periodic,168.0000,14784
9349,periodic,168.0000,5040
9350,periodic,168.0000,13104
9351,periodic,168.0000,17472
9352,periodic,168.0000,5040
9353,periodic,168.0000,5040
9354,periodic,168.0000,14112
9355,periodic,168.0000,31920
9356,periodic,168.0000,7056
9357,periodic,168.0000,5040
9358,periodic,168.0000,5040
9359,periodic,168.0000,5040
9360,periodic,168.0000,12768
9361,periodic,168.0000,5040
9362,periodic,168.0000,36288
9363,periodic,168.0000,28896
9364,periodic,168.0000,137760
9365,periodic,168.0000,5712
9366,periodic,168.0000,21168
9367,periodic,168.0000,8064
9368,periodic,168.0000,7056
9369,periodic,168.0000,10080
9370,periodic,168.0000,33264
9371,periodic,168.0000,12768
9372,periodic,168.0000,5040
9373,periodic,168.0000,8400
9374,periodic,168.0000,5712
9375,periodic,168.0000,5040
9376,periodic,168.0000,19824
9377,periodic,168.0000,5040
9378,periodic,168.0000,8400
9379,periodic,168.0000,52416
9380,periodic,168.0000,5040
9381,periodic,168.0000,5040
9382,periodic,168.0000,48384
9383,periodic,168.0000,14448
9384,periodic,168.0000,5040
9385,periodic,168.0000,5376
9386,periodic,168.0000,10752
9387,periodic,168.0000,16464
9388,periodic,168.0000,25536
9389,periodic,168.0000,32928
9390,periodic,168.0000,7392
9391,periodic,168.0000,19824
9392,periodic,168.0000,5040
9393,periodic,168.0000,29232
9394,periodic,168.0000,46368
9395,periodic,168.0000,5040
9396,periodic,168.0000,5040
9397,periodic,168.0000,5712
9398,periodic,168.0000,53088
9399,periodic,168.0000,18480
9400,periodic,168.0000,17472
9401,periodic,168.0000,29904
9402,periodic,168.0000,7056
9403,periodic,168.0000,18480
9404,periodic,168.0000,5040
9405,periodic,168.0000,9744
9406,periodic,168.0000,5712
9407,periodic,168.0000,40656
9408,periodic,168.0000,55776
9409,periodic,168.0000,14112
9410,periodic,168.0000,5376
9411,periodic,168.0000,5376
9412,periodic,168.0000,15120
9413,periodic,168.0000,8400
9414,periodic,168.0000,42000
9415,periodic,168.0000,15456
9416,periodic,168.0000,13776
9417,periodic,168.0000,6048
9418,periodic,168.0000,8400
9419,periodic,168.0000,10416
9420,periodic,168.0000,5040
9421,periodic,168.0000,43344
9422,periodic,168.0000,5040
9423,periodic,168.0000,11424
9424,periodic,168.0000,5040
9425,periodic,168.0000,6048
9426,periodic,168.0000,19824
9427,periodic,168.0000,6048
9428,periodic,168.0000,5040
9429,periodic,168.0000,10752
9430,periodic,168.0000,17808
9431,periodic,168.0000,22512
9432,periodic,168.0000,26208
9433,periodic,168.0000,5376
9434,periodic,168.0000,12768
9435,periodic,168.0000,11760
9436,periodic,168.0000,18816
9437,periodic,168.0000,5040
9438,periodic,168.0000,5040
9439,periodic,168.0000,71232
9440,periodic,168.0000,29904
9441,periodic,168.0000,8736
9442,periodic,168.0000,6048
9443,periodic,168.0000,14112
9444,periodic,168.0000,25200
9445,periodic,168.0000,5040
9446,periodic,168.0000,60816
9447,periodic,168.0000,5040
9448,periodic,168.0000,16800
9449,periodic,168.0000,5040
9450,periodic,168.0000,10080
9451,periodic,168.0000,19152
9452,periodic,168.0000,11424
9453,periodic,168.0000,6720
9454,periodic,168.0000,7392
9455,periodic,168.0000,32928
9456,periodic,168.0000,7056
9457,periodic,168.0000,37296
9458,periodic,168.0000,31584
9459,periodic,168.0000,39312
9460,periodic,168.0000,15456
9461,periodic,168.0000,12768
9462,periodic,168.0000,13440
9463,periodic,168.0000,5040
9464,periodic,168.0000,8400
9465,periodic,168.0000,93744
9466,periodic,168.0000,5376
9467,periodic,168.0000,39312
9468,periodic,168.0000,18480
9469,periodic,168.0000,26208
9470,periodic,168.0000,17808
9471,periodic,168.0000,5376
9472,periodic,168.0000,38640
9473,periodic,168.0000,5040
9474,periodic,168.0000,5040
9475,periodic,168.0000,12432
9476,periodic,168.0000,5040
9477,periodic,168.0000,5376
9478,periodic,168.0000,5376
9479,periodic,168.0000,24864
9480,periodic,168.0000,21840
9481,periodic,168.0000,6720
9482,periodic,168.0000,5712
9483,periodic,168.0000,26208
9484,periodic,168.0000,15120
9485,periodic,168.0000,5040
9486,periodic,168.0000,21840
9487,periodic,168.0000,87360
9488,periodic,168.0000,5376
9489,periodic,168.0000,5040
9490,periodic,168.0000,19488
9491,periodic,168.0000,5376
9492,periodic,168.0000,5040
9493,periodic,168.0000,8736
9494,periodic,168.0000,5040
9495,periodic,168.0000,5040
9496,periodic,168.0000,41664
9497,periodic,168.0000,5040
9498,periodic,168.0000,5040
9499,periodic,168.0000,60480
9500,periodic,168.0000,5040
9501,periodic,168.0000,5040
9502,periodic,168.0000,5040
9503,periodic,168.0000,5040
9504,periodic,168.0000,23856
9505,periodic,168.0000,14784
9506,periodic,168.0000,5040
9507,periodic,168.0000,7728
9508,periodic,168.0000,5040
9509,periodic,168.0000,10080
9510,periodic,168.0000,9744
9511,periodic,168.0000,13440
9512,periodic,168.0000,10752
9513,periodic,168.0000,5040
9514,periodic,168.0000,34944
9515,periodic,168.0000,5040
9516,periodic,168.0000,5712
9517,periodic,168.0000,5712
9518,periodic,168.0000,5040
9519,periodic,168.0000,52752
9520,periodic,168.0000,13776
9521,periodic,168.0000,5040
9522,periodic,168.0000,10752
9523,periodic,168.0000,9744
9524,periodic,168.0000,10752
9525,periodic,168.0000,5040
9526,periodic,168.0000,33936
9527,periodic,168.0000,10416
9528,periodic,168.0000,16464
9529,periodic,168.0000,5376
9530,periodic,168.0000,8400
9531,periodic,168.0000,8064
9532,periodic,168.0000,16128
9533,periodic,168.0000,11088
9534,periodic,168.0000,9408
9535,periodic,168.0000,18144
9536,periodic,168.0000,63168
9537,periodic,168.0000,38976
9538,periodic,168.0000,13104
9539,periodic,168.0000,14112
9540,periodic,168.0000,21840
9541,periodic,168.0000,19824
9542,periodic,168.0000,5040
9543,periodic,168.0000,6048
9544,periodic,168.0000,14112
9545,periodic,168.0000,5040
9546,periodic,168.0000,26208
9547,periodic,168.0000,8400
9548,periodic,168.0000,19152
9549,periodic,168.0000,8736
9550,periodic,168.0000,24192
9551,periodic,168.0000,5040
9552,periodic,168.0000,6048
9553,periodic,168.0000,5040
9554,periodic,168.0000,19152
9555,periodic,168.0000,5040
9556,periodic,168.0000,9072
9557,periodic,168.0000,12432
9558,periodic,168.0000,5376
9559,periodic,168.0000,11424
9560,periodic,168.0000,9744
9561,periodic,168.0000,5712
9562,periodic,168.0000,5712
9563,periodic,168.0000,7392
9564,periodic,168.0000,5040
9565,periodic,168.0000,5040
9566,periodic,168.0000,24864
9567,periodic,168.0000,6048
9568,periodic,168.0000,20496
9569,periodic,168.0000,5712
9570,periodic,168.0000,30576
9571,periodic,168.0000,15456
9572,periodic,168.0000,27888
9573,periodic,168.0000,5040
9574,periodic,168.0000,5040
9575,periodic,168.0000,5712
9576,periodic,168.0000,34608
9577,periodic,168.0000,5712
9578,periodic,168.0000,18480
9579,periodic,168.0000,8064
9580,periodic,168.0000,5040
9581,periodic,168.0000,20160
9582,periodic,168.0000,5712
9583,periodic,168.0000,20160
9584,periodic,168.0000,15456
9585,periodic,168.0000,30912
9586,periodic,168.0000,27216
9587,periodic,168.0000,5040
9588,periodic,168.0000,20496
9589,periodic,168.0000,14448
9590,periodic,168.0000,11760
9591,periodic,168.0000,5712
9592,periodic,168.0000,12768
9593,periodic,168.0000,9744
9594,periodic,168.0000,39984
9595,periodic,168.0000,40992
9596,periodic,168.0000,14112
9597,periodic,168.0000,11760
9598,periodic,168.0000,14112
9599,periodic,168.0000,10080
9600,periodic,168.0000,20832
9601,periodic,168.0000,5040
9602,periodic,168.0000,30576
9603,periodic,168.0000,8400
9604,periodic,168.0000,6048
9605,periodic,168.0000,78960
9606,periodic,168.0000,5040
9607,periodic,168.0000,86688
9608,periodic,168.0000,23520
9609,periodic,168.0000,9744
9610,periodic,168.0000,5712
9611,periodic,168.0000,25200
9612,periodic,168.0000,5040
9613,periodic,168.0000,5040
9614,periodic,168.0000,5712
9615,periodic,168.0000,12768
9616,periodic,168.0000,11088
9617,periodic,168.0000,5376
9618,periodic,168.0000,5040
9619,periodic,168.0000,5040
9620,periodic,168.0000,5040
9621,periodic,168.0000,24528
9622,periodic,168.0000,5040
9623,periodic,168.0000,6384
9624,periodic,168.0000,15120
9625,periodic,168.0000,25872
9626,periodic,168.0000,14784
9627,periodic,168.0000,10080
9628,periodic,168.0000,5712
9629,periodic,168.0000,29904
9630,periodic,168.0000,19488
9631,periodic,168.0000,12432
9632,periodic,168.0000,17136
9633,periodic,168.0000,26208
9634,periodic,168.0000,5712
9635,periodic,168.0000,20496
9636,periodic,168.0000,10416
9637,periodic,168.0000,6384
9638,periodic,168.0000,9072
9639,periodic,168.0000,5040
9640,periodic,168.0000,50400
9641,periodic,168.0000,5712
9642,periodic,168.0000,32592
9643,periodic,168.0000,5040
9644,periodic,168.0000,55776
9645,periodic,168.0000,5040
9646,periodic,168.0000,5040
9647,periodic,168.0000,12432
9648,periodic,168.0000,5040
9649,periodic,168.0000,19824
9650,periodic,168.0000,19152
9651,periodic,168.0000,6720
9652,periodic,168.0000,5712
9653,periodic,168.0000,5712
9654,periodic,168.0000,9072
9655,periodic,168.0000,5712
9656,periodic,168.0000,13776
9657,periodic,168.0000,52416
9658,periodic,168.0000,5040
9659,periodic,168.0000,45024
9660,periodic,168.0000,27552
9661,periodic,168.0000,16128
9662,periodic,168.0000,51072
9663,periodic,168.0000,28560
9664,periodic,168.0000,8064
9665,periodic,168.0000,11088
9666,periodic,168.0000,8400
9667,periodic,168.0000,64512
9668,periodic,168.0000,14784
9669,periodic,168.0000,5040
9670,periodic,168.0000,5376
9671,periodic,168.0000,5040
9672,periodic,168.0000,8736
9673,periodic,168.0000,17808
9674,periodic,168.0000,5040
9675,periodic,168.0000,22512
9676,periodic,168.0000,42000
9677,periodic,168.0000,25200
9678,periodic,168.0000,13440
9679,periodic,168.0000,41328
9680,periodic,168.0000,13776
9681,periodic,168.0000,5040
9682,periodic,168.0000,5712
9683,periodic,168.0000,12432
9684,periodic,168.0000,6048
9685,periodic,168.0000,5040
9686,periodic,168.0000,11424
9687,periodic,168.0000,22512
9688,periodic,168.0000,20832
9689,periodic,168.0000,5712
9690,periodic,168.0000,12432
9691,periodic,168.0000,5712
9692,periodic,168.0000,9072
9693,periodic,168.0000,5040
9694,periodic,168.0000,10752
9695,periodic,168.0000,5040
9696,periodic,168.0000,5376
9697,periodic,168.0000,57456
9698,periodic,168.0000,7056
9699,periodic,168.0000,20160
9700,periodic,168.0000,5040
9701,periodic,168.0000,15456
9702,periodic,168.0000,5040
9703,periodic,168.0000,5040
9704,periodic,168.0000,54096
9705,periodic,168.0000,5040
9706,periodic,168.0000,5040
9707,periodic,168.0000,5040
9708,periodic,168.0000,23184
9709,periodic,168.0000,5712
9710,periodic,168.0000,6720
9711,periodic,168.0000,17472
9712,periodic,168.0000,7056
9713,periodic,168.0000,17472
9714,periodic,168.0000,6048
9715,periodic,168.0000,11760
9716,periodic,168.0000,9072
9717,periodic,168.0000,5040
9718,periodic,168.0000,8064
9719,periodic,168.0000,18816
9720,periodic,168.0000,5712
9721,periodic,168.0000,15792
9722,periodic,168.0000,71568
9723,periodic,168.0000,7056
9724,periodic,168.0000,17136
9725,periodic,168.0000,5712
9726,periodic,168.0000,20832
9727,periodic,168.0000,5040
9728,periodic,168.0000,16128
9729,periodic,168.0000,9072
9730,periodic,168.0000,8064
9731,periodic,168.0000,5712
9732,periodic,168.0000,56112
9733,periodic,168.0000,9072
9734,periodic,168.0000,5040
9735,periodic,168.0000,5040
9736,periodic,168.0000,5040
9737,periodic,168.0000,26208
9738,periodic,168.0000,7392
9739,periodic,168.0000,48048
9740,periodic,168.0000,5040
9741,periodic,168.0000,28896
9742,periodic,168.0000,5040
9743,periodic,168.0000,21168
9744,periodic,168.0000,7392
9745,periodic,168.0000,6384
9746,periodic,168.0000,5040
9747,periodic,168.0000,6048
9748,periodic,168.0000,5040
9749,periodic,168.0000,17136
9750,periodic,168.0000,61152
9751,periodic,168.0000,19152
9752,periodic,168.0000,22176
9753,periodic,168.0000,9408
9754,periodic,168.0000,5040
9755,periodic,168.0000,7056
9756,periodic,168.0000,5040
9757,periodic,168.0000,5712
9758,periodic,168.0000,5040
9759,periodic,168.0000,5040
9760,periodic,168.0000,17472
9761,periodic,168.0000,16800
9762,periodic,168.0000,25200
9763,periodic,168.0000,20160
9764,periodic,168.0000,47712
9765,periodic,168.0000,44688
9766,periodic,168.0000,5040
9767,periodic,168.0000,13104
9768,periodic,168.0000,25536
9769,periodic,168.0000,25536
9770,periodic,168.0000,10752
9771,periodic,168.0000,5040
9772,periodic,168.0000,7728
9773,periodic,168.0000,24192
9774,periodic,168.0000,11088
9775,periodic,168.0000,5712
9776,periodic,168.0000,15456
9777,periodic,168.0000,5040
9778,periodic,168.0000,5040
9779,periodic,168.0000,102480
9780,periodic,168.0000,14784
9781,periodic,168.0000,5376
9782,periodic,168.0000,7728
9783,periodic,168.0000,13440
9784,periodic,168.0000,5712
9785,periodic,168.0000,22848
9786,periodic,168.0000,5040
9787,periodic,168.0000,5040
9788,periodic,168.0000,10752
9789,periodic,168.0000,9072
9790,periodic,168.0000,15456
9791,periodic,168.0000,18144
9792,periodic,168.0000,66864
9793,periodic,168.0000,6720
9794,periodic,168.0000,5040
9795,periodic,168.0000,5712
9796,periodic,168.0000,5040
9797,periodic,168.0000,21840
9798,periodic,168.0000,15456
9799,periodic,168.0000,5040
9800,periodic,168.0000,47040
9801,periodic,168.0000,5040
9802,periodic,168.0000,5040
9803,periodic,168.0000,20832
9804,periodic,168.0000,6048
9805,periodic,168.0000,5040
9806,periodic,168.0000,5712
9807,periodic,168.0000,15792
9808,periodic,168.0000,8400
9809,periodic,168.0000,6384
9810,periodic,168.0000,30912
9811,periodic,168.0000,8400
9812,periodic,168.0000,5040
9813,periodic,168.0000,5040
9814,periodic,168.0000,9072
9815,periodic,168.0000,10080
9816,periodic,168.0000,5040
9817,periodic,168.0000,7392
9818,periodic,168.0000,14784
9819,periodic,168.0000,11088
9820,periodic,168.0000,11760
9821,periodic,168.0000,17808
9822,periodic,168.0000,15120
9823,periodic,168.0000,9744
9824,periodic,168.0000,11760
9825,periodic,168.0000,11760
9826,periodic,168.0000,5040
9827,periodic,168.0000,5040
9828,periodic,168.0000,5040
9829,periodic,168.0000,13104
9830,periodic,168.0000,11088
9831,periodic,168.0000,5040
9832,periodic,168.0000,6720
9833,periodic,168.0000,6720
9834,periodic,168.0000,12768
9835,periodic,168.0000,5712
9836,periodic,168.0000,19488
9837,periodic,168.0000,24864
9838,periodic,168.0000,15792
9839,periodic,168.0000,5376
9840,periodic,168.0000,5040
9841,periodic,168.0000,5040
9842,periodic,168.0000,60816
9843,periodic,168.0000,40320
9844,periodic,168.0000,17808
9845,periodic,168.0000,11424
9846,periodic,168.0000,19488
9847,periodic,168.0000,5712
9848,periodic,168.0000,40656
9849,periodic,168.0000,13440
9850,periodic,168.0000,14784
9851,periodic,168.0000,5376
9852,periodic,168.0000,10416
9853,periodic,168.0000,5040
9854,periodic,168.0000,12096
9855,periodic,168.0000,7728
9856,periodic,168.0000,18816
9857,periodic,168.0000,53424
9858,periodic,168.0000,5040
9859,periodic,168.0000,5040
9860,periodic,168.0000,5040
9861,periodic,168.0000,5040
9862,periodic,168.0000,5712
9863,periodic,168.0000,9408
9864,periodic,168.0000,5040
9865,periodic,168.0000,18816
9866,periodic,168.0000,5040
9867,periodic,168.0000,31584
9868,periodic,168.0000,37296
9869,periodic,168.0000,15792
9870,periodic,168.0000,5040
9871,periodic,168.0000,5040
9872,periodic,168.0000,56448
9873,periodic,168.0000,5376
9874,periodic,168.0000,26544
9875,periodic,168.0000,5040
9876,periodic,168.0000,14112
9877,periodic,168.0000,5040
9878,periodic,168.0000,7056
9879,periodic,168.0000,53424
9880,periodic,168.0000,8736
9881,periodic,168.0000,5040
9882,periodic,168.0000,8736
9883,periodic,168.0000,7728
9884,periodic,168.0000,5040
9885,periodic,168.0000,6384
9886,periodic,168.0000,44688
9887,periodic,168.0000,13104
9888,periodic,168.0000,26880
9889,periodic,168.0000,22512
9890,periodic,168.0000,44016
9891,periodic,168.0000,72576
9892,periodic,168.0000,5040
9893,periodic,168.0000,5040
9894,periodic,168.0000,13104
9895,periodic,168.0000,11760
9896,periodic,168.0000,5376
9897,periodic,168.0000,5040
9898,periodic,168.0000,10080
9899,periodic,168.0000,21168
9900,periodic,168.0000,38640
9901,periodic,168.0000,5040
9902,periodic,168.0000,5040
9903,periodic,168.0000,12768
9904,periodic,168.0000,6720
9905,periodic,168.0000,28224
9906,periodic,168.0000,54768
9907,periodic,168.0000,7728
9908,periodic,168.0000,16464
9909,periodic,168.0000,40656
9910,periodic,168.0000,6048
9911,periodic,168.0000,28560
9912,periodic,168.0000,5040
9913,periodic,168.0000,21168
9914,periodic,168.0000,5040
9915,periodic,168.0000,16800
9916,periodic,168.0000,9408
9917,periodic,168.0000,5712
9918,periodic,168.0000,29568
9919,periodic,168.0000,5040
9920,periodic,168.0000,17472
9921,periodic,168.0000,15456
9922,periodic,168.0000,5040
9923,periodic,168.0000,5040
9924,periodic,168.0000,5040
9925,periodic,168.0000,68208
9926,periodic,168.0000,5040
9927,periodic,168.0000,5040
9928,periodic,168.0000,31920
9929,periodic,168.0000,27216
9930,periodic,168.0000,7056
9931,periodic,168.0000,8736
9932,periodic,168.0000,5040
9933,periodic,168.0000,52416
9934,periodic,168.0000,5040
9935,periodic,168.0000,5040
9936,periodic,168.0000,8064
9937,periodic,168.0000,25200
9938,periodic,168.0000,5712
9939,periodic,168.0000,5376
9940,periodic,168.0000,11088
9941,periodic,168.0000,28224
9942,periodic,168.0000,9072
9943,periodic,168.0000,8736
9944,periodic,168.0000,5712
9945,periodic,168.0000,12768
9946,periodic,168.0000,5040
9947,periodic,168.0000,34272
9948,periodic,168.0000,5040
9949,periodic,168.0000,5040
9950,periodic,168.0000,12096
9951,periodic,168.0000,5040
9952,periodic,168.0000,16128
9953,periodic,168.0000,12096
9954,periodic,168.0000,8400
9955,periodic,168.0000,21504
9956,periodic,168.0000,11424
9957,periodic,168.0000,9072
9958,periodic,168.0000,5040
9959,periodic,168.0000,5376
9960,periodic,168.0000,5040
9961,periodic,168.0000,14448
9962,periodic,168.0000,5040
9963,periodic,168.0000,5040
9964,periodic,168.0000,5040
9965,periodic,168.0000,9072
9966,periodic,168.0000,8400
9967,periodic,168.0000,16800
9968,periodic,168.0000,25200
9969,periodic,168.0000,14784
9970,periodic,168.0000,25536
9971,periodic,168.0000,11760
9972,periodic,168.0000,15120
9973,periodic,168.0000,7056
9974,periodic,168.0000,5040
9975,periodic,168.0000,9408
9976,periodic,168.0000,32592
9977,periodic,168.0000,18480
9978,periodic,168.0000,6048
9979,periodic,168.0000,5376
9980,periodic,168.0000,19824
9981,periodic,168.0000,5040
9982,periodic,168.0000,5040
9983,periodic,168.0000,5040
9984,periodic,168.0000,9072
9985,periodic,168.0000,7056
9986,periodic,168.0000,5040
9987,periodic,168.0000,16800
9988,periodic,168.0000,50736
9989,periodic,168.0000,8736
9990,periodic,168.0000,5040
9991,periodic,168.0000,9744
9992,periodic,168.0000,7056
9993,periodic,168.0000,5040
9994,periodic,168.0000,6048
9995,periodic,168.0000,5040
9996,periodic,168.0000,9072
9997,periodic,168.0000,5712
9998,periodic,168.0000,11760
9999,periodic,168.0000,5040
10000,periodic,168.0000,10416